key,contract
1,temp|2|1
2,temp|2|1
3,temp|2|2
4,temp|2|1
5,temp|2|1
6,temp|2|1
7,temp|2|1
8,temp|2|1
9,temp|2|2
10,temp|2|1
11,temp|2|1
12,temp|2|1
14,temp|2|2
15,temp|2|2
16,temp|2|1
18,temp|2|1
19,temp|2|1
20,temp|2|1
21,temp|2|1
22,temp|2|2
23,temp|2|1
24,temp|2|2
25,temp|2|1
26,temp|2|2
27,temp|2|1
28,temp|2|2
29,temp|2|2
30,temp|2|1
31,temp|2|3
32,temp|2|1
33,temp|2|1
34,temp|2|2
35,temp|2|1
36,temp|2|1
37,temp|2|2
38,temp|2|2
39,temp|2|1
40,temp|2|2
41,temp|2|2
42,temp|2|1
43,temp|2|2
44,temp|2|1
45,temp|2|1
46,temp|2|1
47,temp|2|1
48,temp|2|1
49,temp|2|1
50,temp|2|2
51,temp|2|2
52,temp|2|1
53,temp|2|2
54,temp|2|1
55,temp|2|1
56,temp|2|2
57,temp|2|2
58,temp|2|1
59,temp|2|2
60,temp|2|1
61,temp|2|1
62,temp|2|2
63,temp|2|2
64,temp|2|1
65,temp|2|1
66,temp|2|2
67,temp|2|1
68,temp|2|1
69,temp|2|1
70,temp|2|2
71,temp|2|1
72,temp|2|1
73,temp|2|1
74,temp|2|1
75,temp|2|1
76,temp|2|1
77,temp|2|1
78,temp|2|1
79,temp|2|1
80,temp|2|2
81,temp|2|1
82,temp|2|2
84,temp|2|1
85,temp|2|2
86,temp|2|1
87,temp|2|2
88,temp|2|1
89,temp|2|2
91,temp|2|1
92,temp|2|1
94,temp|2|1
95,temp|2|1
96,temp|2|1
97,temp|2|1
98,temp|2|1
99,temp|2|1
100,temp|2|2
101,temp|2|1
102,temp|2|1
103,temp|2|3
104,temp|2|1
105,temp|2|2
106,temp|2|1
107,temp|2|1
108,temp|2|1
109,temp|2|2
110,temp|2|1
111,temp|2|2
112,temp|2|2
113,temp|2|1
114,temp|2|1
115,temp|2|2
116,temp|2|1
117,temp|2|1
118,temp|2|1
119,temp|2|1
120,temp|2|2
121,temp|2|2
122,temp|2|1
123,temp|2|2
124,temp|2|2
125,temp|2|1
126,temp|2|1
127,temp|2|2
128,temp|2|1
129,temp|2|1
131,temp|2|1
132,temp|2|1
133,temp|2|1
134,temp|2|1
135,temp|2|2
136,temp|2|1
137,temp|2|2
138,temp|2|1
140,temp|2|1
141,temp|2|2
142,temp|2|1
143,temp|2|2
144,temp|2|1
145,temp|2|2
146,temp|2|1
147,temp|2|1
148,temp|2|2
149,temp|2|1
150,temp|2|3
151,temp|2|2
152,temp|2|1
154,temp|2|2
155,temp|2|2
156,temp|2|1
157,temp|2|1
158,temp|2|1
159,temp|2|1
160,temp|2|2
161,temp|2|2
163,temp|2|2
164,temp|2|1
165,temp|2|2
166,temp|2|1
167,temp|2|1
168,temp|2|2
169,temp|2|2
170,temp|2|1
171,temp|2|1
173,temp|2|1
174,temp|2|2
175,temp|2|1
176,temp|2|3
177,temp|2|1
178,temp|2|1
179,temp|2|2
181,temp|2|2
182,temp|2|2
183,temp|2|1
184,temp|2|2
185,temp|2|1
186,temp|2|2
187,temp|2|2
188,temp|2|1
189,temp|2|2
190,temp|2|1
191,temp|2|1
192,temp|2|1
193,temp|2|2
194,temp|2|2
195,temp|2|2
196,temp|2|1
197,temp|2|2
198,temp|2|1
199,temp|2|2
200,temp|2|2
201,temp|2|2
202,temp|2|1
203,temp|2|1
204,temp|2|1
205,temp|2|1
206,temp|2|2
208,temp|2|1
209,temp|2|2
210,temp|2|1
211,temp|2|1
212,temp|2|2
213,temp|2|1
214,temp|2|2
216,temp|2|1
217,temp|2|1
218,temp|2|2
219,temp|2|2
220,temp|2|2
221,temp|2|2
222,temp|2|1
223,temp|2|1
225,temp|2|2
226,temp|2|1
227,temp|2|1
228,temp|2|1
229,temp|2|1
230,temp|2|1
231,temp|2|1
232,temp|2|1
233,temp|2|1
235,temp|2|2
236,temp|2|1
237,temp|2|2
238,temp|2|1
239,temp|2|2
240,temp|2|1
241,temp|2|1
242,temp|2|1
243,temp|2|2
244,temp|2|1
245,temp|2|1
246,temp|2|1
247,temp|2|1
248,temp|2|2
249,temp|2|1
250,temp|2|2
251,temp|2|2
252,temp|2|2
253,temp|2|1
254,temp|2|1
255,temp|2|2
256,temp|2|1
257,temp|2|1
258,temp|2|1
259,temp|2|2
260,temp|2|1
261,temp|2|1
262,temp|2|2
263,temp|2|2
264,temp|2|2
265,temp|2|1
266,temp|2|1
267,temp|2|2
268,temp|2|2
269,temp|2|1
270,temp|2|1
274,temp|2|1
275,temp|2|2
276,temp|2|1
277,temp|2|1
278,temp|2|2
279,temp|2|2
280,temp|2|1
281,temp|2|2
282,temp|2|2
283,temp|2|2
284,temp|2|2
285,temp|2|2
286,temp|2|1
287,temp|2|2
288,temp|2|1
289,temp|2|1
291,temp|2|1
292,temp|2|1
293,temp|2|2
294,temp|2|1
295,temp|2|1
296,temp|2|1
297,temp|2|1
300,temp|2|2
301,temp|2|2
302,temp|2|1
304,temp|2|1
305,temp|2|2
306,temp|2|1
307,temp|2|1
308,temp|2|2
309,temp|2|1
310,temp|2|1
311,temp|2|1
312,temp|2|1
313,temp|2|1
314,temp|2|1
315,temp|2|2
316,temp|2|1
317,temp|2|2
318,temp|2|2
320,temp|2|2
321,temp|2|1
322,temp|2|2
323,temp|2|2
324,temp|2|2
325,temp|2|1
327,temp|2|2
329,temp|2|1
330,temp|2|2
332,temp|2|2
333,temp|2|1
334,temp|2|1
335,temp|2|1
336,temp|2|1
337,temp|2|2
338,temp|2|2
339,temp|2|1
340,temp|2|2
341,temp|2|1
342,temp|2|2
343,temp|2|2
344,temp|2|2
345,temp|2|1
346,temp|2|1
347,temp|2|2
348,temp|2|2
350,temp|2|2
352,temp|2|2
353,temp|2|2
354,temp|2|2
355,temp|2|1
356,temp|2|2
357,temp|2|2
358,temp|2|1
359,temp|2|1
360,temp|2|1
361,temp|2|1
362,temp|2|1
363,temp|2|1
364,temp|2|1
365,temp|2|2
366,temp|2|1
367,temp|2|1
368,temp|2|2
369,temp|2|2
370,temp|2|1
371,temp|2|1
372,temp|2|2
373,temp|2|2
375,temp|2|1
376,temp|2|2
377,temp|2|1
378,temp|2|2
379,temp|2|1
380,temp|2|1
381,temp|2|2
382,temp|2|1
383,temp|2|1
384,temp|2|1
385,temp|2|1
386,temp|2|2
387,temp|2|1
388,temp|2|2
389,temp|2|1
390,temp|2|2
391,temp|2|1
392,temp|2|2
393,temp|2|2
394,temp|2|2
395,temp|2|2
396,temp|2|2
397,temp|2|2
398,temp|2|2
399,temp|2|2
400,temp|2|2
401,temp|2|2
402,temp|2|2
403,temp|2|2
404,temp|2|2
405,temp|2|2
406,temp|2|2
407,temp|2|2
408,temp|2|2
409,temp|2|2
410,temp|2|2
411,temp|2|2
412,temp|2|2
413,temp|2|2
414,temp|2|2
415,temp|2|2
416,temp|2|2
417,temp|2|2
418,temp|2|2
419,temp|2|2
420,temp|2|2
421,temp|2|2
422,temp|2|2
423,temp|2|2
424,temp|2|2
425,temp|2|2
426,temp|2|2
427,temp|2|2
428,temp|2|2
429,temp|2|2
430,temp|2|2
431,temp|2|2
432,temp|2|2
433,temp|2|2
434,temp|2|2
435,temp|2|2
436,temp|2|2
437,temp|2|2
438,temp|2|2
439,temp|2|2
440,temp|2|2
441,temp|2|2
442,temp|2|1
443,temp|2|1
444,temp|2|2
445,temp|2|2
446,temp|2|1
447,temp|2|1
448,temp|2|2
449,temp|2|1
450,temp|1|6
451,temp|2|1
452,temp|1|6
453,temp|2|1
454,temp|2|1
455,temp|2|2
456,temp|2|1
457,temp|2|2
458,temp|2|1
459,temp|2|2
460,temp|1|6
461,temp|2|2
462,temp|2|1
463,temp|2|2
464,temp|2|1
465,temp|2|1
466,temp|2|2
467,temp|2|2
468,temp|2|1
469,temp|2|1
470,temp|2|1
471,temp|2|2
472,temp|2|1
473,temp|1|6
474,temp|2|2
475,temp|2|2
476,temp|2|1
477,temp|2|2
478,temp|2|1
479,temp|2|2
480,temp|1|6
481,temp|2|2
482,temp|2|2
483,temp|2|1
484,temp|2|1
485,temp|2|2
486,temp|2|2
487,temp|2|2
488,temp|2|2
489,temp|2|1
490,temp|2|1
491,temp|2|1
492,temp|2|2
493,temp|1|5
494,temp|2|1
495,temp|2|2
496,temp|2|2
497,temp|2|2
498,temp|2|2
499,temp|2|1
500,temp|2|1
501,temp|2|1
502,temp|2|2
503,temp|2|2
504,temp|2|2
505,temp|2|2
506,temp|2|1
507,temp|2|2
508,temp|2|2
509,temp|2|1
510,temp|2|1
511,temp|2|2
512,temp|2|1
513,temp|2|1
514,temp|2|2
515,temp|2|1
516,temp|2|2
517,temp|2|1
518,temp|2|1
519,temp|2|2
520,temp|2|2
521,temp|2|1
522,temp|1|4
523,temp|2|1
524,temp|2|2
525,temp|2|1
526,temp|1|6
527,temp|2|1
528,temp|2|2
529,temp|2|2
530,temp|2|1
531,temp|2|1
532,temp|2|1
533,temp|2|1
534,temp|1|6
535,temp|2|1
536,temp|2|2
537,temp|2|1
538,temp|2|1
539,temp|2|1
540,temp|2|2
541,temp|2|2
542,temp|2|1
544,temp|2|1
545,temp|2|1
546,temp|1|6
547,temp|2|1
548,temp|1|5
549,temp|1|5
550,temp|1|6
551,temp|1|6
552,temp|1|6
553,temp|1|6
554,temp|1|2
555,temp|1|6
556,temp|1|6
557,temp|1|6
558,temp|1|6
559,temp|1|6
560,temp|1|6
561,temp|1|6
562,temp|1|6
563,temp|1|6
564,temp|1|6
565,temp|1|6
566,temp|1|6
567,temp|1|6
568,temp|1|6
569,temp|1|6
570,temp|1|6
571,temp|1|6
572,temp|1|6
573,temp|1|6
574,temp|1|6
575,temp|1|6
576,temp|1|6
577,temp|1|5
578,temp|1|5
579,temp|1|6
580,temp|1|6
581,temp|1|5
582,temp|1|6
583,temp|1|6
584,temp|1|6
585,temp|1|6
586,temp|1|6
587,temp|1|6
588,temp|1|6
589,temp|1|6
590,temp|1|6
591,temp|1|6
592,temp|1|6
593,temp|1|6
594,temp|1|6
595,temp|1|6
596,temp|1|6
597,temp|1|6
598,temp|1|6
599,temp|1|6
600,temp|1|6
602,temp|1|6
603,temp|1|5
604,temp|1|6
605,temp|1|6
606,temp|1|6
607,temp|1|6
608,temp|1|6
609,temp|1|6
610,temp|1|6
611,temp|1|6
612,temp|1|6
613,temp|1|6
614,temp|1|6
615,temp|1|6
616,temp|1|6
617,temp|1|6
618,temp|1|6
619,temp|1|6
620,temp|1|6
622,temp|1|6
623,temp|1|6
624,temp|1|6
625,temp|1|6
626,temp|1|6
627,temp|1|6
628,temp|1|6
629,temp|1|6
630,temp|1|6
631,temp|1|6
632,temp|1|6
633,temp|1|6
634,temp|1|2
635,temp|1|6
636,temp|1|6
637,temp|1|6
638,temp|1|6
639,temp|1|6
640,temp|1|6
641,temp|1|6
642,temp|1|6
643,temp|1|6
644,temp|1|6
645,temp|1|6
646,temp|1|6
647,temp|1|6
648,temp|1|6
649,temp|1|6
650,temp|1|6
651,temp|1|6
652,temp|1|6
653,temp|1|6
654,temp|1|6
655,temp|1|6
656,temp|1|6
657,temp|1|6
658,temp|1|6
659,temp|1|6
660,temp|1|6
661,temp|1|6
662,temp|1|6
663,temp|1|5
664,temp|1|6
665,temp|1|6
666,temp|1|6
667,temp|1|6
668,temp|1|5
669,temp|1|6
670,temp|1|6
671,temp|1|5
672,temp|1|6
673,temp|1|4
674,temp|1|6
675,temp|1|6
676,temp|1|6
677,temp|1|6
678,temp|1|6
679,temp|1|4
680,temp|1|6
681,temp|1|6
682,temp|1|5
683,temp|1|6
684,temp|1|6
685,temp|1|5
686,temp|1|6
687,temp|1|5
689,temp|1|6
690,temp|1|6
692,temp|1|6
693,temp|1|6
694,temp|1|6
695,temp|1|6
696,temp|1|5
697,temp|1|5
698,temp|1|6
699,temp|1|6
700,temp|1|6
701,temp|1|6
702,temp|1|6
703,temp|1|6
704,temp|1|6
705,temp|1|6
706,temp|1|6
707,temp|1|5
708,temp|1|6
709,temp|1|6
710,temp|1|6
711,temp|1|6
712,temp|1|6
713,temp|1|6
714,temp|1|6
715,temp|1|6
716,temp|1|6
717,temp|1|6
718,temp|1|6
719,temp|1|6
720,temp|1|6
721,temp|1|6
722,temp|1|5
723,temp|1|5
724,temp|1|6
725,temp|1|6
726,temp|1|6
727,temp|1|6
728,temp|1|6
729,temp|1|6
730,temp|1|6
731,temp|1|4
732,temp|1|6
733,temp|1|6
734,temp|1|6
735,temp|1|6
736,temp|1|6
737,temp|1|6
738,temp|1|6
739,temp|1|6
740,temp|1|6
741,temp|1|6
742,temp|1|6
743,temp|1|6
744,temp|1|6
745,temp|1|5
746,temp|1|6
747,temp|1|6
748,temp|1|6
749,temp|1|6
750,temp|1|6
751,temp|1|5
752,temp|1|6
753,temp|1|6
754,temp|1|6
755,temp|1|6
756,temp|1|6
757,temp|1|6
758,temp|1|6
759,temp|1|6
760,temp|1|6
761,temp|1|5
762,temp|1|6
763,temp|1|6
764,temp|1|6
765,temp|1|6
766,temp|1|6
767,temp|1|6
768,temp|1|6
769,temp|1|2
770,temp|1|6
771,temp|1|6
772,temp|1|6
773,temp|1|6
774,temp|1|6
775,temp|1|6
776,temp|1|6
777,temp|1|6
778,temp|1|6
779,temp|1|6
780,temp|1|6
781,temp|1|6
782,temp|1|6
783,temp|1|6
784,temp|1|5
785,temp|1|5
786,temp|1|6
787,temp|1|5
788,temp|1|6
789,temp|1|6
790,temp|1|6
791,temp|1|6
792,temp|2|1
793,temp|1|6
794,temp|1|6
795,temp|1|1
796,temp|1|6
797,temp|1|5
798,temp|2|1
799,temp|2|1
800,temp|1|6
803,temp|1|5
804,temp|1|5
805,temp|1|5
807,temp|2|1
808,temp|1|6
809,temp|1|5
810,temp|1|6
811,temp|1|6
813,temp|1|6
815,temp|2|1
816,temp|2|1
817,temp|2|1
818,temp|2|2
819,temp|2|1
820,temp|1|6
822,temp|1|6
824,temp|2|1
825,temp|1|5
826,temp|1|4
827,temp|1|6
828,temp|2|1
829,temp|1|5
830,temp|1|5
831,temp|1|6
832,temp|1|5
833,temp|1|6
834,temp|1|5
835,temp|2|1
836,temp|2|1
837,temp|1|6
838,temp|2|1
839,temp|1|6
840,temp|1|6
841,temp|1|5
842,temp|1|6
843,temp|2|1
844,temp|1|6
845,temp|1|6
846,temp|1|6
847,temp|1|6
848,temp|1|6
849,temp|1|6
850,temp|1|6
852,temp|1|6
853,temp|1|6
854,temp|1|6
855,temp|1|6
856,temp|1|6
857,temp|1|6
858,temp|1|6
859,temp|1|6
860,temp|1|6
861,temp|1|6
862,temp|1|6
863,temp|1|6
864,temp|1|6
865,temp|1|6
867,temp|1|6
868,temp|1|6
869,temp|1|6
870,temp|1|6
871,temp|1|6
872,temp|1|6
873,temp|1|6
874,temp|1|6
875,temp|1|6
876,temp|1|6
878,temp|1|6
879,temp|1|6
880,temp|1|6
881,temp|1|6
882,temp|1|6
883,temp|1|6
884,temp|1|6
885,temp|1|6
886,temp|1|6
887,temp|1|6
888,temp|1|6
889,temp|1|5
890,temp|1|6
891,temp|1|6
892,temp|1|6
893,temp|1|6
894,temp|1|6
895,temp|1|6
896,temp|1|6
897,temp|1|6
899,temp|1|6
900,temp|1|6
901,temp|1|6
902,temp|1|6
903,temp|1|6
904,temp|1|6
905,temp|1|6
906,temp|1|6
907,temp|1|6
908,temp|1|6
909,temp|1|6
911,temp|1|6
912,temp|1|6
913,temp|1|6
914,temp|1|6
915,temp|1|6
916,temp|1|6
918,temp|1|6
919,temp|1|6
920,temp|1|6
921,temp|1|6
922,temp|1|6
923,temp|1|6
924,temp|1|6
925,temp|1|6
926,temp|1|6
927,temp|1|6
928,temp|1|6
929,temp|1|6
930,temp|1|6
931,temp|1|6
932,temp|1|6
933,temp|1|1
934,temp|1|6
935,temp|1|6
936,temp|1|6
937,temp|1|6
938,temp|1|6
939,temp|1|6
940,temp|1|6
941,temp|1|6
942,temp|1|6
943,temp|1|6
944,temp|1|6
945,temp|1|6
946,temp|1|6
947,temp|1|6
948,temp|1|6
950,temp|1|6
951,temp|1|6
953,temp|1|6
954,temp|1|6
955,temp|1|6
956,temp|1|6
957,temp|1|6
958,temp|1|6
959,temp|1|6
960,temp|1|6
961,temp|1|6
962,temp|1|6
963,temp|1|6
964,temp|1|6
965,temp|1|6
966,temp|1|6
967,temp|1|6
968,temp|1|6
969,temp|1|6
970,temp|1|6
971,temp|1|6
972,temp|1|6
973,temp|1|6
974,temp|1|6
975,temp|1|6
976,temp|1|6
977,temp|1|6
978,temp|1|6
980,temp|1|6
981,temp|1|1
982,temp|1|6
983,temp|1|6
984,temp|1|6
985,temp|1|6
986,temp|1|6
987,temp|1|6
988,temp|1|6
989,temp|1|6
990,temp|1|6
991,temp|1|6
992,temp|1|6
993,temp|1|6
994,temp|1|6
995,temp|1|6
996,temp|1|6
997,temp|1|6
998,temp|1|6
999,temp|1|6
1000,temp|1|6
1001,temp|1|6
1002,temp|1|6
1003,temp|1|6
1004,temp|1|6
1005,temp|1|6
1006,temp|1|6
1007,temp|1|6
1008,temp|1|6
1009,temp|1|6
1010,temp|1|6
1011,temp|1|6
1012,temp|1|6
1013,temp|1|6
1014,temp|1|6
1015,temp|1|6
1016,temp|1|6
1017,temp|1|6
1018,temp|1|6
1019,temp|1|6
1020,temp|1|6
1021,temp|1|6
1022,temp|1|6
1023,temp|1|6
1024,temp|1|6
1026,temp|1|6
1027,temp|1|6
1028,temp|1|5
1029,temp|1|6
1030,temp|1|6
1031,temp|1|6
1033,temp|1|6
1034,temp|1|6
1035,temp|1|6
1036,temp|1|6
1037,temp|1|6
1038,temp|1|6
1039,temp|1|6
1040,temp|1|6
1041,temp|1|6
1042,temp|1|6
1043,temp|1|6
1044,temp|1|6
1045,temp|1|6
1046,temp|1|6
1047,temp|1|6
1048,temp|1|6
1049,temp|1|6
1050,temp|1|6
1051,temp|1|6
1052,temp|1|6
1053,temp|1|6
1055,temp|1|5
1056,temp|1|5
1057,temp|1|6
1058,temp|1|6
1059,temp|1|6
1060,temp|1|6
1062,temp|1|6
1063,temp|1|6
1064,temp|1|6
1065,temp|1|6
1066,temp|1|6
1067,temp|1|6
1068,temp|1|6
1069,temp|1|6
1070,temp|1|6
1071,temp|1|6
1072,temp|1|6
1073,temp|1|6
1074,temp|1|6
1075,temp|1|6
1076,temp|1|6
1077,temp|1|6
1078,temp|1|6
1079,temp|1|6
1080,temp|1|6
1081,temp|1|6
1082,temp|1|6
1083,temp|1|6
1084,temp|1|6
1085,temp|1|6
1086,temp|1|6
1087,temp|1|5
1088,temp|1|6
1089,temp|1|5
1090,temp|1|5
1091,temp|1|6
1092,temp|1|6
1093,temp|1|6
1094,temp|1|6
1095,temp|1|5
1096,temp|1|6
1097,temp|1|6
1098,temp|1|6
1099,temp|1|6
1100,temp|1|5
1101,temp|1|5
1102,temp|1|6
1103,temp|1|6
1104,temp|1|6
1105,temp|1|6
1106,temp|1|6
1107,temp|1|6
1108,temp|1|6
1109,temp|1|6
1111,temp|1|6
1112,temp|1|6
1113,temp|1|6
1114,temp|1|6
1115,temp|1|6
1116,temp|1|6
1117,temp|1|6
1118,temp|1|6
1119,temp|1|6
1120,temp|1|6
1121,temp|1|6
1122,temp|1|6
1123,temp|1|6
1124,temp|1|6
1125,temp|1|6
1126,temp|1|6
1127,temp|1|6
1128,temp|1|6
1129,temp|1|6
1130,temp|1|6
1131,temp|1|6
1132,temp|1|6
1133,temp|1|6
1134,temp|1|6
1135,temp|1|6
1136,temp|1|6
1137,temp|1|6
1138,temp|1|6
1139,temp|1|6
1140,temp|1|6
1141,temp|1|6
1142,temp|1|6
1143,temp|1|6
1144,temp|1|1
1145,temp|1|6
1147,temp|1|6
1148,temp|1|6
1149,temp|1|6
1150,temp|1|6
1151,temp|1|6
1152,temp|1|6
1153,temp|1|5
1154,temp|1|6
1155,temp|1|6
1156,temp|1|6
1157,temp|1|6
1158,temp|1|6
1159,temp|1|6
1161,temp|1|6
1162,temp|1|6
1163,temp|1|6
1165,temp|1|2
1166,temp|1|6
1167,temp|1|6
1168,temp|1|6
1169,temp|1|6
1170,temp|1|6
1171,temp|1|6
1172,temp|1|6
1173,temp|1|6
1174,temp|1|6
1175,temp|1|6
1176,temp|1|6
1177,temp|1|6
1178,temp|1|6
1179,temp|1|6
1180,temp|1|6
1181,temp|1|6
1182,temp|1|6
1183,temp|1|6
1184,temp|1|6
1185,temp|1|6
1187,temp|1|5
1188,temp|1|6
1189,temp|1|6
1190,temp|1|6
1191,temp|1|6
1192,temp|1|6
1193,temp|1|6
1194,temp|1|6
1195,temp|1|6
1196,temp|1|6
1197,temp|1|6
1198,temp|1|6
1199,temp|1|6
1200,temp|1|6
1201,temp|1|6
1202,temp|1|6
1203,temp|1|6
1204,temp|1|6
1205,temp|1|6
1206,temp|1|6
1207,temp|1|6
1208,temp|1|6
1209,temp|1|6
1210,temp|1|6
1211,temp|1|6
1212,temp|1|6
1213,temp|1|6
1214,temp|1|6
1215,temp|1|6
1216,temp|1|6
1217,temp|1|6
1218,temp|1|5
1219,temp|1|6
1220,temp|1|6
1221,temp|1|6
1223,temp|1|6
1224,temp|1|6
1225,temp|1|6
1226,temp|1|6
1227,temp|1|6
1228,temp|1|6
1229,temp|1|6
1230,temp|1|6
1231,temp|1|6
1232,temp|1|6
1233,temp|1|6
1234,temp|1|6
1235,temp|1|6
1236,temp|1|6
1237,temp|1|6
1238,temp|1|6
1239,temp|1|6
1240,temp|1|6
1241,temp|1|6
1242,temp|1|6
1243,temp|1|6
1244,temp|1|6
1245,temp|1|6
1246,temp|1|6
1247,temp|1|6
1248,temp|1|6
1249,temp|1|6
1250,temp|1|6
1251,temp|1|6
1253,temp|1|6
1254,temp|1|6
1255,temp|1|6
1256,temp|1|6
1257,temp|1|6
1258,temp|1|6
1259,temp|1|6
1260,temp|1|6
1261,temp|1|6
1262,temp|1|6
1263,temp|1|6
1264,temp|1|6
1265,temp|1|6
1266,temp|1|6
1267,temp|1|6
1268,temp|1|6
1269,temp|1|6
1270,temp|1|6
1271,temp|1|6
1272,temp|1|6
1273,temp|1|6
1274,temp|1|6
1275,temp|1|6
1276,temp|1|6
1277,temp|1|6
1278,temp|1|6
1279,temp|1|6
1280,temp|1|6
1281,temp|1|6
1282,temp|1|6
1283,temp|1|6
1284,temp|1|6
1285,temp|1|6
1286,temp|1|6
1287,temp|1|6
1288,temp|1|6
1289,temp|1|6
1290,temp|1|6
1291,temp|1|6
1292,temp|1|6
1293,temp|1|6
1294,temp|1|6
1295,temp|1|6
1296,temp|1|6
1297,temp|1|6
1298,temp|1|6
1299,temp|1|6
1300,temp|1|6
1301,temp|1|5
1302,temp|1|6
1303,temp|1|6
1304,temp|1|6
1305,temp|1|6
1306,temp|1|6
1308,temp|1|6
1309,temp|1|6
1310,temp|1|6
1311,temp|1|6
1312,temp|1|6
1313,temp|1|6
1314,temp|1|6
1315,temp|1|6
1316,temp|1|6
1317,temp|1|6
1319,temp|1|6
1320,temp|1|6
1321,temp|1|6
1322,temp|1|6
1323,temp|1|6
1324,temp|1|6
1325,temp|1|6
1326,temp|1|6
1327,temp|1|6
1328,temp|1|6
1329,temp|1|6
1330,temp|1|6
1331,temp|1|6
1332,temp|1|6
1333,temp|1|6
1335,temp|1|6
1336,temp|1|6
1337,temp|1|6
1339,temp|1|6
1340,temp|1|6
1341,temp|1|6
1342,temp|1|6
1343,temp|1|6
1344,temp|1|6
1345,temp|1|6
1346,temp|1|6
1347,temp|1|6
1348,temp|1|6
1349,temp|1|6
1350,temp|1|6
1351,temp|1|6
1352,temp|1|6
1353,temp|1|6
1354,temp|1|6
1355,temp|1|6
1356,temp|1|6
1357,temp|1|6
1358,temp|1|6
1359,temp|1|6
1361,temp|1|6
1362,temp|1|6
1363,temp|1|6
1364,temp|1|6
1365,temp|1|2
1367,temp|1|4
1368,temp|1|6
1369,temp|1|6
1370,temp|1|6
1371,temp|1|6
1373,temp|1|6
1374,temp|1|5
1375,temp|1|6
1376,temp|1|6
1377,temp|1|6
1378,temp|1|6
1379,temp|1|6
1380,temp|1|6
1381,temp|1|6
1382,temp|1|5
1383,temp|1|5
1384,temp|1|6
1385,temp|1|6
1386,temp|1|6
1387,temp|1|5
1388,temp|1|6
1389,temp|1|5
1390,temp|1|6
1391,temp|2|1
1392,temp|1|1
1393,temp|1|6
1394,temp|1|6
1396,temp|1|6
1397,temp|1|6
1398,temp|1|6
1399,temp|1|6
1400,temp|1|6
1401,temp|1|6
1402,temp|1|1
1403,temp|1|5
1404,temp|1|5
1405,temp|1|6
1406,temp|1|6
1408,temp|1|6
1409,temp|2|1
1410,temp|1|6
1411,temp|1|6
1412,temp|1|6
1413,temp|1|6
1414,temp|1|6
1415,temp|1|6
1416,temp|1|6
1417,temp|1|6
1418,temp|1|5
1419,temp|1|6
1420,temp|1|5
1421,temp|2|1
1422,temp|1|6
1423,temp|2|1
1424,temp|1|6
1425,temp|1|5
1426,temp|1|6
1427,temp|1|6
1428,temp|1|6
1429,temp|1|6
1430,temp|1|6
1431,temp|1|6
1432,temp|1|5
1433,temp|1|5
1434,temp|1|6
1435,temp|1|6
1436,temp|1|5
1437,temp|1|6
1438,temp|1|5
1439,temp|1|6
1440,temp|1|6
1441,temp|1|6
1442,temp|2|1
1443,temp|1|6
1444,temp|1|6
1445,temp|1|6
1446,temp|1|6
1447,temp|1|6
1448,temp|1|6
1449,temp|1|6
1450,temp|1|6
1451,temp|2|1
1453,temp|1|6
1454,temp|1|6
1455,temp|1|6
1456,temp|1|6
1457,temp|1|6
1458,temp|1|6
1460,temp|1|5
1461,temp|1|5
1462,temp|1|6
1463,temp|1|6
1464,temp|1|6
1465,temp|1|6
1466,temp|1|3
1468,temp|1|3
1469,temp|1|6
1470,temp|2|2
1471,temp|1|2
1472,temp|1|6
1473,temp|1|6
1475,temp|1|5
1476,temp|1|6
1477,temp|1|5
1478,temp|1|6
1479,temp|1|6
1480,temp|1|5
1481,temp|1|5
1482,temp|1|5
1483,temp|1|6
1484,temp|1|6
1485,temp|1|4
1486,temp|1|6
1487,temp|1|6
1488,temp|1|5
1489,temp|1|6
1490,temp|1|6
1491,temp|1|6
1492,temp|1|6
1493,temp|1|6
1494,temp|1|6
1495,temp|1|6
1496,temp|1|6
1497,temp|1|6
1499,temp|1|5
1500,temp|1|5
1501,temp|1|6
1502,temp|1|6
1503,temp|1|6
1504,temp|1|6
1505,temp|1|6
1506,temp|1|6
1507,temp|1|6
1508,temp|1|6
1510,temp|2|1
1511,temp|2|1
1512,temp|1|6
1513,temp|1|6
1514,temp|1|5
1515,temp|1|6
1516,temp|1|6
1517,temp|1|6
1518,temp|1|6
1519,temp|1|6
1521,temp|1|6
1522,temp|1|6
1523,temp|1|6
1524,temp|1|5
1525,temp|1|6
1526,temp|1|6
1527,temp|1|6
1528,temp|1|6
1529,temp|1|6
1530,temp|1|6
1531,temp|2|1
1532,temp|1|5
1533,temp|1|6
1534,temp|1|6
1535,temp|1|6
1536,temp|1|5
1537,temp|1|6
1538,temp|1|6
1539,temp|1|6
1541,temp|1|6
1542,temp|1|5
1543,temp|1|5
1544,temp|1|6
1545,temp|1|6
1546,temp|1|6
1547,temp|1|6
1548,temp|1|6
1549,temp|1|5
1550,temp|1|6
1551,temp|1|6
1552,temp|1|5
1553,temp|1|6
1554,temp|1|6
1555,temp|1|6
1556,temp|1|6
1557,temp|1|6
1558,temp|1|6
1559,temp|1|6
1560,temp|1|6
1561,temp|1|6
1562,temp|1|6
1563,temp|1|6
1564,temp|1|6
1565,temp|1|6
1566,temp|1|6
1568,temp|1|1
1569,temp|1|5
1570,temp|1|6
1571,temp|1|6
1572,temp|2|1
1573,temp|1|6
1574,temp|1|5
1575,temp|1|5
1576,temp|1|6
1577,temp|1|6
1578,temp|1|6
1579,temp|1|5
1580,temp|1|6
1581,temp|1|6
1582,temp|1|6
1583,temp|1|6
1584,temp|1|6
1585,temp|2|1
1586,temp|1|5
1587,temp|2|1
1588,temp|2|1
1589,temp|1|5
1590,temp|1|6
1591,temp|1|6
1592,temp|2|1
1593,temp|1|6
1594,temp|1|6
1595,temp|1|6
1596,temp|1|6
1597,temp|2|1
1598,temp|1|6
1599,temp|1|6
1600,temp|1|6
1601,temp|2|1
1602,temp|2|1
1603,temp|1|6
1604,temp|1|6
1605,temp|1|6
1607,temp|1|5
1608,temp|1|6
1609,temp|1|6
1610,temp|1|3
1611,temp|1|5
1612,temp|1|6
1613,temp|1|5
1614,temp|1|6
1615,temp|2|1
1616,temp|1|6
1617,temp|2|1
1618,temp|1|6
1619,temp|1|5
1620,temp|1|6
1621,temp|1|6
1622,temp|1|6
1623,temp|1|5
1624,temp|1|6
1625,temp|1|6
1626,temp|1|6
1627,temp|1|6
1628,temp|1|6
1629,temp|1|6
1630,temp|1|6
1631,temp|1|6
1632,temp|2|1
1633,temp|1|1
1634,temp|1|6
1635,temp|1|6
1636,temp|1|6
1637,temp|2|1
1638,temp|2|1
1640,temp|2|1
1641,temp|1|6
1642,temp|1|6
1643,temp|1|6
1644,temp|1|6
1645,temp|1|6
1646,temp|1|6
1647,temp|2|1
1648,temp|1|6
1649,temp|1|6
1650,temp|1|5
1651,temp|1|6
1652,temp|1|5
1653,temp|2|1
1654,temp|1|6
1655,temp|1|6
1656,temp|1|6
1657,temp|1|6
1658,temp|1|6
1659,temp|1|6
1660,temp|1|6
1661,temp|1|6
1662,temp|1|6
1663,temp|2|1
1664,temp|1|5
1665,temp|1|3
1666,temp|1|6
1667,temp|2|1
1668,temp|1|5
1669,temp|1|6
1670,temp|1|6
1671,temp|1|6
1672,temp|1|6
1673,temp|1|6
1674,temp|1|6
1675,temp|1|6
1676,temp|2|1
1677,temp|1|5
1678,temp|1|6
1679,temp|1|6
1680,temp|1|6
1681,temp|1|6
1682,temp|1|6
1683,temp|1|6
1684,temp|1|5
1685,temp|1|6
1686,temp|1|6
1687,temp|1|6
1688,temp|1|6
1689,temp|1|6
1690,temp|1|6
1691,temp|1|6
1692,temp|1|6
1693,temp|1|6
1695,temp|1|6
1696,temp|1|6
1697,temp|1|6
1698,temp|1|6
1699,temp|1|6
1701,temp|1|6
1702,temp|1|6
1703,temp|1|6
1704,temp|1|5
1705,temp|1|6
1706,temp|1|6
1707,temp|1|6
1708,temp|1|6
1709,temp|2|1
1710,temp|1|6
1712,temp|1|6
1713,temp|2|1
1714,temp|1|6
1715,temp|1|6
1716,temp|1|6
1717,temp|1|6
1718,temp|1|5
1719,temp|1|6
1720,temp|2|1
1721,temp|2|1
1722,temp|1|5
1723,temp|1|6
1724,temp|1|6
1726,temp|1|6
1727,temp|1|6
1729,temp|1|6
1730,temp|1|6
1731,temp|1|6
1732,temp|1|6
1733,temp|2|1
1734,temp|1|6
1735,temp|1|6
1736,temp|1|6
1737,temp|2|2
1738,temp|1|6
1739,temp|1|6
1740,temp|1|6
1741,temp|1|6
1742,temp|1|6
1743,temp|1|6
1744,temp|1|6
1745,temp|1|6
1746,temp|1|6
1747,temp|1|6
1748,temp|1|6
1749,temp|1|6
1750,temp|1|6
1752,temp|1|6
1753,temp|1|5
1754,temp|1|6
1755,temp|1|6
1756,temp|1|6
1757,temp|1|6
1758,temp|1|6
1759,temp|1|6
1760,temp|1|6
1761,temp|1|5
1762,temp|1|6
1763,temp|2|1
1764,temp|2|1
1765,temp|1|6
1766,temp|1|6
1767,temp|1|6
1769,temp|1|6
1770,temp|1|5
1771,temp|1|5
1772,temp|1|6
1773,temp|1|6
1774,temp|1|6
1775,temp|1|6
1776,temp|1|6
1777,temp|1|6
1778,temp|1|6
1779,temp|1|6
1780,temp|2|1
1781,temp|1|5
1782,temp|1|6
1783,temp|1|6
1784,temp|2|2
1785,temp|2|1
1786,temp|1|5
1787,temp|1|6
1789,temp|1|6
1790,temp|1|6
1791,temp|1|5
1792,temp|1|6
1793,temp|1|6
1794,temp|1|6
1795,temp|1|6
1796,temp|1|6
1797,temp|1|6
1798,temp|1|6
1799,temp|1|6
1800,temp|1|6
1801,temp|1|6
1802,temp|1|6
1803,temp|1|6
1804,temp|2|1
1805,temp|1|6
1806,temp|1|6
1807,temp|1|6
1808,temp|1|6
1809,temp|1|6
1810,temp|1|6
1811,temp|2|2
1812,temp|1|6
1813,temp|2|1
1814,temp|1|6
1815,temp|1|6
1816,temp|1|1
1818,temp|2|1
1820,temp|1|5
1821,temp|1|5
1822,temp|2|2
1823,temp|1|6
1824,temp|1|6
1825,temp|1|6
1826,temp|1|6
1827,temp|1|6
1828,temp|1|6
1829,temp|1|5
1830,temp|1|6
1831,temp|1|6
1832,temp|1|6
1833,temp|1|6
1834,temp|1|6
1835,temp|1|6
1836,temp|2|1
1837,temp|1|1
1838,temp|2|2
1839,temp|1|6
1840,temp|1|6
1841,temp|1|5
1843,temp|1|6
1844,temp|1|6
1845,temp|1|6
1846,temp|1|6
1847,temp|1|6
1848,temp|1|6
1849,temp|1|6
1850,temp|1|5
1851,temp|1|6
1853,temp|2|1
1855,temp|1|6
1856,temp|1|5
1857,temp|1|6
1858,temp|2|1
1859,temp|1|6
1860,temp|1|6
1861,temp|1|6
1863,temp|1|6
1864,temp|1|6
1865,temp|1|6
1866,temp|1|6
1867,temp|1|6
1868,temp|1|6
1869,temp|1|6
1870,temp|1|6
1871,temp|1|6
1872,temp|1|6
1873,temp|1|6
1874,temp|1|6
1875,temp|1|6
1876,temp|1|6
1877,temp|1|6
1878,temp|1|6
1879,temp|1|6
1880,temp|1|6
1881,temp|1|6
1882,temp|1|6
1883,temp|1|6
1884,temp|1|6
1885,temp|1|6
1886,temp|1|6
1887,temp|1|6
1888,temp|1|6
1889,temp|1|6
1890,temp|1|6
1891,temp|1|6
1892,temp|1|5
1893,temp|1|6
1894,temp|1|6
1895,temp|1|6
1896,temp|1|6
1897,temp|1|6
1898,temp|1|6
1899,temp|1|6
1900,temp|1|6
1901,temp|1|6
1902,temp|1|3
1903,temp|1|6
1904,temp|1|6
1905,temp|1|6
1906,temp|1|6
1907,temp|1|6
1908,temp|1|6
1909,temp|1|6
1910,temp|1|6
1911,temp|1|6
1912,temp|1|6
1913,temp|1|6
1914,temp|1|6
1915,temp|1|6
1916,temp|1|6
1917,temp|1|6
1918,temp|1|6
1919,temp|1|6
1920,temp|1|6
1921,temp|1|6
1922,temp|1|6
1923,temp|1|5
1924,temp|1|6
1925,temp|1|6
1926,temp|1|6
1927,temp|1|6
1928,temp|1|6
1929,temp|1|6
1930,temp|1|6
1931,temp|1|6
1932,temp|1|6
1933,temp|1|6
1934,temp|1|6
1935,temp|1|6
1936,temp|1|3
1937,temp|1|6
1938,temp|1|6
1939,temp|1|6
1940,temp|1|6
1941,temp|1|6
1942,temp|1|6
1943,temp|1|6
1944,temp|1|6
1945,temp|1|6
1946,temp|1|6
1947,temp|1|6
1948,temp|1|6
1949,temp|1|6
1950,temp|1|6
1951,temp|1|6
1952,temp|1|5
1953,temp|1|6
1954,temp|1|6
1955,temp|1|6
1956,temp|1|6
1957,temp|1|6
1958,temp|1|6
1959,temp|1|6
1960,temp|1|6
1961,temp|1|6
1962,temp|1|6
1963,temp|1|6
1964,temp|1|6
1966,temp|1|6
1967,temp|1|6
1969,temp|1|6
1970,temp|1|6
1971,temp|1|6
1972,temp|1|6
1974,temp|1|6
1976,temp|1|6
1977,temp|1|5
1978,temp|2|1
1979,temp|1|6
1980,temp|1|6
1981,temp|1|6
1982,temp|1|6
1983,temp|1|6
1984,temp|1|6
1985,temp|1|6
1986,temp|1|6
1987,temp|1|6
1988,temp|2|1
1989,temp|1|6
1990,temp|1|6
1991,temp|1|6
1992,temp|1|6
1993,temp|1|6
1995,temp|1|6
1996,temp|1|5
1997,temp|1|6
1998,temp|1|6
1999,temp|1|6
2000,temp|1|6
2001,temp|1|6
2002,temp|1|6
2003,temp|1|6
2004,temp|1|6
2005,temp|1|6
2007,temp|1|6
2009,temp|1|6
2010,temp|1|6
2011,temp|1|6
2012,temp|1|6
2013,temp|1|6
2015,temp|1|6
2016,temp|1|6
2018,temp|1|6
2020,temp|1|6
2022,temp|2|1
2023,temp|1|6
2024,temp|1|6
2025,temp|1|6
2026,temp|1|6
2027,temp|1|6
2028,temp|1|6
2029,temp|1|6
2030,temp|1|6
2031,temp|1|6
2032,temp|1|6
2033,temp|1|6
2034,temp|1|6
2035,temp|1|6
2036,temp|1|6
2037,temp|1|1
2038,temp|1|6
2039,temp|1|6
2040,temp|1|6
2041,temp|1|1
2042,temp|1|5
2043,temp|1|6
2044,temp|1|6
2046,temp|1|6
2047,temp|1|6
2048,temp|1|6
2049,temp|1|6
2050,temp|1|6
2052,temp|1|6
2053,temp|1|6
2054,temp|1|6
2055,temp|1|6
2056,temp|1|6
2058,temp|1|6
2059,temp|1|6
2060,temp|1|1
2061,temp|1|6
2062,temp|1|6
2063,temp|1|6
2064,temp|1|6
2065,temp|1|6
2066,temp|1|6
2067,temp|1|2
2068,temp|1|6
2069,temp|1|6
2070,temp|1|6
2071,temp|1|6
2072,temp|1|6
2073,temp|1|6
2074,temp|1|6
2075,temp|1|6
2077,temp|1|6
2078,temp|1|6
2079,temp|1|6
2080,temp|1|6
2081,temp|1|6
2082,temp|1|6
2083,temp|1|6
2084,temp|1|6
2085,temp|1|6
2086,temp|1|6
2087,temp|1|6
2088,temp|2|1
2089,temp|1|6
2090,temp|1|5
2091,temp|1|6
2092,temp|1|6
2093,temp|1|6
2094,temp|1|6
2095,temp|1|6
2096,temp|1|6
2097,temp|1|6
2100,temp|1|6
2101,temp|1|6
2102,temp|1|6
2103,temp|1|6
2104,temp|2|1
2105,temp|1|6
2106,temp|1|6
2107,temp|1|6
2108,temp|1|6
2109,temp|1|6
2110,temp|1|6
2112,temp|1|6
2113,temp|1|2
2116,temp|1|6
2117,temp|1|6
2118,temp|1|6
2119,temp|1|6
2120,temp|1|6
2122,temp|1|6
2123,temp|1|6
2124,temp|1|6
2125,temp|1|6
2126,temp|1|6
2128,temp|1|6
2129,temp|1|6
2131,temp|1|6
2132,temp|1|6
2133,temp|1|6
2135,temp|1|6
2136,temp|1|6
2137,temp|1|6
2138,temp|1|6
2139,temp|1|6
2140,temp|1|6
2141,temp|1|6
2142,temp|1|6
2143,temp|1|6
2144,temp|1|6
2145,temp|1|6
2146,temp|1|6
2148,temp|1|6
2149,temp|1|6
2150,temp|1|6
2152,temp|1|6
2153,temp|1|6
2154,temp|1|6
2155,temp|1|6
2156,temp|1|6
2157,temp|1|6
2158,temp|1|6
2160,temp|1|6
2161,temp|1|5
2162,temp|1|6
2163,temp|1|5
2164,temp|1|6
2165,temp|1|1
2166,temp|1|6
2167,temp|1|6
2168,temp|1|6
2169,temp|1|6
2171,temp|1|6
2172,temp|1|6
2173,temp|1|6
2175,temp|1|6
2176,temp|1|6
2178,temp|1|6
2179,temp|1|6
2180,temp|1|6
2182,temp|1|6
2183,temp|1|6
2184,temp|2|1
2185,temp|1|5
2186,temp|1|6
2187,temp|1|5
2188,temp|1|6
2190,temp|1|6
2191,temp|1|6
2193,temp|1|6
2194,temp|1|6
2196,temp|1|6
2197,temp|1|6
2198,temp|1|5
2199,temp|2|1
2200,temp|1|6
2201,temp|1|6
2203,temp|1|6
2204,temp|1|6
2205,temp|1|6
2206,temp|1|6
2207,temp|1|6
2208,temp|1|6
2209,temp|1|6
2210,temp|1|6
2211,temp|1|2
2212,temp|1|6
2213,temp|1|6
2214,temp|1|5
2215,temp|1|6
2216,temp|1|6
2217,temp|1|6
2218,temp|1|6
2219,temp|1|6
2220,temp|1|6
2221,temp|1|6
2222,temp|1|6
2223,temp|1|6
2224,temp|1|6
2226,temp|1|6
2227,temp|1|6
2228,temp|1|6
2229,temp|1|5
2230,temp|1|6
2231,temp|1|5
2232,temp|1|2
2233,temp|1|6
2234,temp|1|6
2235,temp|1|6
2236,temp|2|2
2237,temp|1|6
2238,temp|1|5
2239,temp|1|6
2240,temp|1|6
2241,temp|1|6
2243,temp|1|6
2245,temp|1|6
2246,temp|1|6
2247,temp|1|6
2248,temp|1|6
2249,temp|1|6
2250,temp|1|6
2252,temp|1|6
2253,temp|1|6
2254,temp|2|1
2255,temp|1|5
2256,temp|1|6
2257,temp|1|6
2258,temp|1|5
2259,temp|1|6
2260,temp|1|6
2261,temp|1|6
2263,temp|1|6
2266,temp|1|6
2267,temp|1|6
2269,temp|1|6
2270,temp|1|6
2271,temp|1|6
2273,temp|1|6
2275,temp|1|6
2276,temp|1|6
2277,temp|1|6
2278,temp|1|6
2279,temp|1|6
2280,temp|1|6
2281,temp|1|6
2282,temp|2|2
2283,temp|1|6
2285,temp|1|6
2286,temp|1|6
2287,temp|1|6
2289,temp|1|6
2290,temp|1|5
2291,temp|2|1
2292,temp|1|6
2293,temp|1|6
2295,temp|1|6
2296,temp|1|6
2298,temp|1|6
2299,temp|1|6
2300,temp|1|6
2302,temp|1|6
2303,temp|1|6
2304,temp|1|1
2306,temp|1|6
2307,temp|1|6
2308,temp|1|6
2309,temp|1|6
2310,temp|1|6
2311,temp|1|6
2312,temp|1|6
2313,temp|1|6
2314,temp|1|6
2315,temp|1|6
2316,temp|1|6
2317,temp|1|6
2318,temp|1|6
2319,temp|1|6
2320,temp|1|6
2322,temp|1|6
2323,temp|1|1
2324,temp|1|1
2325,temp|1|6
2327,temp|1|6
2328,temp|1|2
2329,temp|1|6
2330,temp|1|6
2331,temp|1|6
2332,temp|1|6
2334,temp|1|6
2335,temp|1|6
2336,temp|1|6
2337,temp|1|6
2339,temp|1|6
2340,temp|1|5
2341,temp|2|1
2342,temp|1|6
2343,temp|1|6
2344,temp|1|5
2345,temp|1|6
2346,temp|1|6
2347,temp|1|6
2349,temp|1|6
2350,temp|1|6
2351,temp|1|2
2352,temp|1|6
2353,temp|1|6
2354,temp|1|6
2355,temp|2|1
2356,temp|1|6
2357,temp|1|6
2358,temp|1|6
2359,temp|1|6
2360,temp|1|6
2361,temp|1|6
2362,temp|1|6
2363,temp|1|6
2364,temp|1|6
2365,temp|2|1
2366,temp|1|6
2367,temp|1|1
2368,temp|1|6
2369,temp|1|6
2370,temp|1|5
2371,temp|1|6
2372,temp|1|6
2374,temp|1|6
2376,temp|1|6
2378,temp|1|6
2379,temp|1|6
2380,temp|1|6
2381,temp|1|5
2382,temp|1|6
2383,temp|1|6
2384,temp|1|6
2385,temp|1|6
2386,temp|1|6
2387,temp|1|6
2388,temp|1|6
2389,temp|1|6
2390,temp|1|6
2391,temp|1|6
2392,temp|1|6
2393,temp|1|6
2394,temp|1|6
2395,temp|1|5
2396,temp|1|4
2397,temp|1|6
2398,temp|1|6
2399,temp|1|6
2401,temp|1|6
2402,temp|1|6
2403,temp|1|6
2404,temp|1|6
2406,temp|1|6
2407,temp|1|6
2408,temp|1|6
2409,temp|1|6
2410,temp|1|6
2411,temp|1|6
2412,temp|1|6
2413,temp|1|6
2414,temp|1|6
2415,temp|1|6
2416,temp|1|6
2417,temp|2|1
2418,temp|1|6
2419,temp|1|6
2420,temp|1|6
2421,temp|1|6
2422,temp|1|6
2424,temp|1|6
2425,temp|1|6
2426,temp|1|6
2427,temp|1|6
2428,temp|1|6
2429,temp|1|6
2430,temp|1|6
2431,temp|1|6
2432,temp|1|6
2434,temp|1|6
2435,temp|1|6
2436,temp|1|6
2438,temp|1|6
2439,temp|1|6
2440,temp|1|6
2441,temp|1|6
2442,temp|1|6
2443,temp|1|6
2444,temp|1|6
2445,temp|1|6
2446,temp|1|6
2447,temp|1|6
2448,temp|1|6
2449,temp|1|6
2450,temp|1|6
2451,temp|1|6
2452,temp|1|6
2453,temp|1|6
2454,temp|1|6
2455,temp|1|5
2456,temp|1|6
2457,temp|1|6
2458,temp|1|6
2459,temp|1|6
2460,temp|1|6
2461,temp|1|6
2462,temp|1|6
2463,temp|1|6
2464,temp|1|6
2465,temp|1|6
2466,temp|1|6
2467,temp|1|6
2468,temp|1|6
2469,temp|1|6
2470,temp|1|1
2471,temp|1|6
2472,temp|1|6
2473,temp|1|6
2474,temp|1|6
2476,temp|1|6
2478,temp|1|6
2479,temp|1|6
2480,temp|1|6
2481,temp|1|6
2482,temp|1|6
2483,temp|1|6
2484,temp|1|6
2485,temp|1|6
2486,temp|1|6
2487,temp|1|6
2488,temp|1|5
2489,temp|1|6
2490,temp|1|6
2491,temp|1|6
2492,temp|1|6
2493,temp|1|6
2494,temp|1|6
2495,temp|1|1
2496,temp|1|6
2497,temp|1|6
2499,temp|1|6
2500,temp|1|6
2501,temp|1|6
2502,temp|1|6
2503,temp|1|6
2504,temp|1|1
2505,temp|1|5
2506,temp|1|6
2508,temp|1|6
2509,temp|1|6
2510,temp|1|6
2512,temp|1|6
2513,temp|1|6
2514,temp|1|6
2515,temp|1|6
2516,temp|1|6
2517,temp|1|6
2518,temp|1|6
2519,temp|1|6
2520,temp|1|6
2521,temp|1|6
2522,temp|1|6
2523,temp|1|6
2524,temp|1|6
2525,temp|1|6
2526,temp|1|6
2527,temp|1|6
2528,temp|1|4
2529,temp|1|5
2530,temp|1|6
2531,temp|1|6
2532,temp|1|6
2533,temp|1|6
2534,temp|1|6
2535,temp|1|6
2536,temp|1|1
2537,temp|1|5
2538,temp|1|6
2539,temp|1|6
2540,temp|1|6
2541,temp|1|6
2542,temp|1|2
2543,temp|1|1
2544,temp|1|6
2545,temp|1|6
2546,temp|1|6
2547,temp|1|6
2548,temp|1|6
2549,temp|1|6
2550,temp|1|6
2551,temp|1|6
2552,temp|1|6
2554,temp|1|6
2555,temp|1|6
2556,temp|1|6
2557,temp|1|6
2558,temp|1|6
2559,temp|1|6
2560,temp|1|6
2561,temp|1|6
2562,temp|1|6
2564,temp|1|6
2566,temp|1|6
2568,temp|1|6
2569,temp|1|2
2570,temp|1|6
2571,temp|1|6
2572,temp|1|6
2573,temp|1|2
2574,temp|1|6
2575,temp|1|6
2576,temp|1|6
2577,temp|1|6
2578,temp|1|6
2579,temp|1|6
2580,temp|1|6
2581,temp|1|5
2582,temp|1|6
2583,temp|1|6
2584,temp|1|6
2585,temp|1|6
2586,temp|1|6
2587,temp|1|6
2588,temp|1|6
2589,temp|1|6
2590,temp|1|6
2591,temp|1|6
2592,temp|2|1
2593,temp|1|6
2594,temp|1|6
2595,temp|1|6
2596,temp|1|6
2597,temp|1|6
2598,temp|1|6
2599,temp|2|1
2600,temp|2|1
2602,temp|1|6
2603,temp|1|6
2604,temp|1|6
2605,temp|1|6
2606,temp|1|6
2607,temp|1|6
2608,temp|1|6
2609,temp|1|6
2610,temp|1|2
2611,temp|1|6
2612,temp|1|6
2613,temp|1|6
2614,temp|1|6
2615,temp|1|6
2616,temp|1|6
2617,temp|1|1
2618,temp|1|6
2619,temp|1|6
2620,temp|1|6
2621,temp|1|6
2622,temp|1|6
2623,temp|1|6
2624,temp|1|6
2625,temp|1|6
2626,temp|1|6
2627,temp|1|6
2629,temp|1|6
2630,temp|1|6
2631,temp|1|6
2632,temp|1|6
2633,temp|1|5
2634,temp|1|6
2637,temp|1|6
2638,temp|1|6
2639,temp|1|1
2640,temp|1|6
2641,temp|1|6
2642,temp|1|6
2643,temp|1|6
2644,temp|1|6
2645,temp|1|6
2646,temp|1|6
2647,temp|1|6
2648,temp|1|6
2650,temp|1|6
2651,temp|1|6
2652,temp|1|6
2654,temp|1|6
2655,temp|1|6
2656,temp|1|6
2657,temp|1|6
2658,temp|1|6
2659,temp|1|6
2660,temp|1|6
2662,temp|1|6
2663,temp|1|6
2664,temp|1|6
2665,temp|1|6
2666,temp|1|6
2667,temp|1|6
2668,temp|1|6
2669,temp|1|6
2670,temp|1|6
2671,temp|1|6
2672,temp|1|6
2673,temp|1|6
2674,temp|1|6
2675,temp|1|6
2676,temp|1|6
2677,temp|1|6
2678,temp|1|6
2679,temp|1|6
2680,temp|1|5
2681,temp|1|6
2682,temp|1|6
2683,temp|1|6
2685,temp|1|6
2686,temp|1|6
2687,temp|1|6
2688,temp|1|6
2689,temp|1|6
2690,temp|1|6
2691,temp|1|5
2692,temp|1|6
2693,temp|1|5
2694,temp|1|6
2695,temp|1|6
2696,temp|1|6
2697,temp|1|6
2698,temp|1|6
2699,temp|1|6
2700,temp|1|6
2701,temp|1|6
2702,temp|1|6
2703,temp|1|6
2704,temp|1|6
2705,temp|1|6
2706,temp|1|6
2707,temp|1|6
2708,temp|1|6
2710,temp|1|6
2711,temp|1|6
2712,temp|1|6
2713,temp|1|6
2714,temp|1|6
2715,temp|1|6
2716,temp|1|6
2717,temp|1|6
2718,temp|1|6
2719,temp|1|6
2720,temp|1|6
2721,temp|1|6
2722,temp|1|6
2723,temp|1|6
2724,temp|1|6
2725,temp|1|6
2726,temp|1|6
2727,temp|1|6
2728,temp|1|6
2729,temp|1|6
2730,temp|1|6
2731,temp|1|6
2732,temp|1|6
2733,temp|1|5
2734,temp|1|6
2735,temp|1|6
2736,temp|1|6
2737,temp|1|2
2738,temp|1|6
2740,temp|1|6
2741,temp|1|6
2742,temp|1|6
2743,temp|1|6
2744,temp|1|6
2745,temp|1|6
2746,temp|1|6
2747,temp|1|5
2748,temp|1|6
2749,temp|1|6
2750,temp|1|6
2751,temp|1|6
2752,temp|1|5
2754,temp|1|5
2755,temp|1|6
2756,temp|1|5
2757,temp|1|6
2758,temp|1|5
2760,temp|1|6
2762,temp|1|6
2763,temp|1|6
2764,temp|1|6
2765,temp|1|6
2766,temp|1|6
2767,temp|1|6
2768,temp|1|6
2769,temp|1|6
2770,temp|1|6
2771,temp|1|6
2773,temp|1|6
2774,temp|1|5
2776,temp|1|6
2777,temp|1|6
2778,temp|1|5
2779,temp|1|6
2780,temp|1|6
2781,temp|1|6
2782,temp|1|5
2783,temp|1|5
2784,temp|1|3
2785,temp|1|6
2787,temp|1|6
2788,temp|1|6
2789,temp|1|5
2790,temp|1|6
2791,temp|1|6
2792,temp|1|6
2793,temp|1|6
2794,temp|1|6
2795,temp|1|5
2796,temp|1|6
2797,temp|1|6
2798,temp|1|5
2799,temp|1|6
2800,temp|1|6
2801,temp|1|5
2802,temp|1|6
2803,temp|1|6
2804,temp|1|6
2805,temp|1|6
2806,temp|1|6
2807,temp|1|6
2808,temp|1|6
2809,temp|1|6
2810,temp|1|5
2811,temp|1|6
2812,temp|1|6
2813,temp|1|6
2814,temp|1|6
2815,temp|1|6
2817,temp|1|6
2818,temp|1|5
2819,temp|1|5
2820,temp|1|6
2821,temp|1|6
2822,temp|1|6
2823,temp|1|6
2824,temp|1|6
2825,temp|1|6
2826,temp|1|6
2827,temp|1|6
2828,temp|1|5
2830,temp|1|6
2831,temp|1|6
2832,temp|1|6
2833,temp|1|6
2834,temp|1|6
2835,temp|1|6
2836,temp|1|5
2837,temp|1|6
2838,temp|1|5
2839,temp|1|6
2840,temp|1|6
2841,temp|1|6
2842,temp|1|6
2843,temp|1|5
2844,temp|1|5
2845,temp|1|6
2846,temp|1|6
2847,temp|1|6
2848,temp|1|5
2849,temp|1|6
2850,temp|1|6
2852,temp|1|6
2853,temp|1|6
2854,temp|1|6
2855,temp|1|6
2856,temp|1|6
2858,temp|1|6
2859,temp|1|6
2861,temp|1|5
2862,temp|1|6
2863,temp|1|6
2864,temp|1|6
2865,temp|1|6
2866,temp|1|6
2867,temp|1|5
2868,temp|1|6
2869,temp|1|6
2870,temp|1|6
2871,temp|1|6
2873,temp|1|6
2875,temp|1|6
2877,temp|1|1
2878,temp|1|5
2879,temp|1|5
2880,temp|1|6
2881,temp|1|5
2882,temp|1|6
2883,temp|1|6
2884,temp|1|6
2885,temp|1|6
2886,temp|1|5
2887,temp|1|5
2888,temp|1|6
2889,temp|1|6
2890,temp|1|6
2892,temp|1|6
2893,temp|1|6
2894,temp|1|6
2895,temp|1|6
2896,temp|1|6
2897,temp|1|5
2898,temp|1|6
2900,temp|1|6
2901,temp|1|3
2902,temp|1|6
2904,temp|1|6
2905,temp|1|6
2906,temp|1|5
2909,temp|1|6
2910,temp|1|6
2911,temp|1|6
2912,temp|1|6
2913,temp|1|6
2915,temp|1|6
2916,temp|1|6
2917,temp|1|6
2918,temp|1|3
2919,temp|1|6
2920,temp|1|6
2921,temp|1|3
2922,temp|1|6
2923,temp|1|6
2924,temp|1|6
2925,temp|1|6
2926,temp|1|5
2927,temp|1|6
2928,temp|1|6
2929,temp|1|6
2930,temp|1|3
2931,temp|1|6
2932,temp|1|6
2933,temp|1|6
2935,temp|1|6
2936,temp|1|6
2937,temp|1|5
2938,temp|1|6
2939,temp|1|5
2940,temp|1|6
2941,temp|1|6
2942,temp|1|6
2943,temp|1|5
2944,temp|1|6
2945,temp|1|6
2946,temp|1|6
2947,temp|1|6
2948,temp|1|6
2949,temp|1|6
2950,temp|1|6
2953,temp|1|6
2954,temp|1|6
2955,temp|1|6
2956,temp|1|6
2957,temp|1|5
2958,temp|1|6
2959,temp|1|6
2961,temp|1|6
2962,temp|1|6
2963,temp|1|5
2964,temp|1|6
2965,temp|1|6
2966,temp|1|3
2967,temp|1|6
2968,temp|1|6
2969,temp|1|6
2970,temp|1|6
2971,temp|1|6
2972,temp|1|6
2973,temp|1|6
2974,temp|1|6
2975,temp|1|6
2976,temp|1|6
2978,temp|1|5
2979,temp|1|6
2981,temp|1|6
2982,temp|1|6
2983,temp|1|6
2984,temp|1|6
2985,temp|1|6
2986,temp|1|6
2987,temp|1|6
2988,temp|1|6
2989,temp|1|6
2990,temp|1|6
2991,temp|1|6
2992,temp|1|5
2993,temp|1|6
2994,temp|1|6
2995,temp|1|6
2996,temp|1|6
2997,temp|1|6
2998,temp|1|6
2999,temp|1|6
3000,temp|1|5
3001,temp|1|5
3002,temp|1|6
3003,temp|1|6
3004,temp|1|6
3006,temp|1|6
3007,temp|1|6
3008,temp|1|6
3009,temp|1|6
3010,temp|1|6
3012,temp|1|6
3013,temp|1|6
3014,temp|1|5
3015,temp|1|6
3016,temp|1|6
3017,temp|1|6
3018,temp|1|3
3019,temp|1|3
3020,temp|1|1
3021,temp|1|3
3022,temp|1|6
3023,temp|1|6
3024,temp|1|6
3025,temp|1|6
3026,temp|1|6
3028,temp|1|6
3029,temp|1|6
3031,temp|1|5
3032,temp|1|6
3033,temp|1|6
3034,temp|1|6
3035,temp|1|6
3036,temp|1|6
3037,temp|1|6
3038,temp|1|6
3039,temp|1|6
3040,temp|1|5
3041,temp|1|6
3042,temp|1|6
3043,temp|1|5
3044,temp|1|6
3045,temp|1|6
3046,temp|1|6
3047,temp|1|6
3048,temp|1|6
3049,temp|1|5
3050,temp|1|6
3051,temp|1|5
3052,temp|1|6
3053,temp|1|6
3054,temp|1|6
3055,temp|1|6
3056,temp|1|6
3058,temp|1|2
3059,temp|1|6
3060,temp|1|6
3061,temp|1|6
3062,temp|1|6
3063,temp|1|6
3064,temp|1|6
3065,temp|1|6
3066,temp|1|6
3067,temp|1|5
3068,temp|1|6
3069,temp|1|6
3070,temp|1|6
3071,temp|1|6
3072,temp|1|6
3073,temp|1|6
3074,temp|1|6
3075,temp|1|6
3076,temp|1|6
3077,temp|1|6
3078,temp|1|6
3079,temp|1|6
3080,temp|1|6
3081,temp|1|6
3082,temp|1|3
3083,temp|1|6
3084,temp|1|6
3085,temp|1|6
3088,temp|1|6
3089,temp|1|6
3090,temp|1|6
3091,temp|1|6
3092,temp|1|6
3093,temp|1|5
3094,temp|1|6
3095,temp|1|6
3096,temp|1|6
3097,temp|1|6
3098,temp|1|6
3099,temp|1|6
3100,temp|1|5
3101,temp|1|3
3103,temp|1|6
3105,temp|1|6
3106,temp|1|6
3107,temp|1|6
3108,temp|1|6
3109,temp|1|5
3110,temp|1|6
3111,temp|1|6
3112,temp|1|6
3113,temp|1|5
3115,temp|1|6
3117,temp|1|6
3118,temp|1|6
3119,temp|1|6
3121,temp|1|6
3122,temp|1|5
3123,temp|1|6
3124,temp|1|6
3125,temp|1|6
3126,temp|1|5
3128,temp|1|5
3129,temp|1|6
3130,temp|1|5
3131,temp|1|5
3132,temp|1|6
3134,temp|1|6
3135,temp|1|5
3136,temp|1|6
3138,temp|1|5
3139,temp|1|5
3140,temp|1|1
3141,temp|1|6
3142,temp|1|6
3143,temp|1|6
3144,temp|1|6
3145,temp|1|6
3146,temp|1|5
3147,temp|1|6
3148,temp|1|6
3149,temp|1|6
3150,temp|1|6
3152,temp|1|5
3153,temp|1|6
3154,temp|1|6
3155,temp|1|5
3156,temp|1|6
3157,temp|1|6
3158,temp|1|5
3159,temp|1|6
3161,temp|1|6
3162,temp|1|6
3164,temp|1|6
3165,temp|1|3
3166,temp|1|6
3167,temp|1|5
3169,temp|1|5
3170,temp|1|6
3171,temp|1|6
3172,temp|1|6
3173,temp|1|6
3174,temp|1|6
3175,temp|1|6
3176,temp|1|6
3177,temp|1|6
3178,temp|1|6
3179,temp|1|6
3180,temp|1|6
3182,temp|1|6
3183,temp|1|6
3185,temp|1|6
3186,temp|1|5
3188,temp|1|5
3189,temp|1|6
3190,temp|1|6
3192,temp|1|6
3193,temp|1|6
3194,temp|1|6
3195,temp|1|6
3196,temp|1|6
3197,temp|1|6
3198,temp|1|5
3199,temp|1|6
3200,temp|1|6
3201,temp|1|6
3202,temp|1|6
3204,temp|1|6
3205,temp|1|6
3206,temp|1|6
3207,temp|1|6
3208,temp|1|6
3209,temp|1|6
3210,temp|1|6
3211,temp|1|5
3212,temp|1|6
3213,temp|1|2
3214,temp|1|6
3216,temp|1|6
3217,temp|1|6
3218,temp|1|6
3220,temp|1|6
3221,temp|1|6
3222,temp|1|6
3223,temp|1|6
3224,temp|1|6
3225,temp|1|6
3226,temp|1|3
3227,temp|1|6
3228,temp|1|6
3229,temp|1|6
3230,temp|1|6
3232,temp|1|6
3233,temp|1|6
3234,temp|1|6
3235,temp|1|6
3236,temp|1|6
3237,temp|1|6
3238,temp|1|6
3239,temp|1|6
3240,temp|1|6
3241,temp|1|6
3242,temp|1|6
3243,temp|1|6
3244,temp|1|5
3245,temp|1|6
3246,temp|1|6
3247,temp|1|6
3248,temp|1|6
3249,temp|1|5
3250,temp|1|6
3251,temp|1|6
3252,temp|1|6
3253,temp|1|6
3254,temp|1|6
3255,temp|1|6
3256,temp|1|6
3257,temp|1|5
3258,temp|1|1
3259,temp|1|6
3260,temp|1|6
3261,temp|1|6
3262,temp|1|6
3263,temp|1|5
3264,temp|1|6
3265,temp|1|6
3266,temp|1|6
3267,temp|1|5
3268,temp|1|6
3269,temp|1|5
3270,temp|1|6
3271,temp|1|6
3272,temp|1|6
3273,temp|1|5
3274,temp|1|5
3275,temp|1|6
3277,temp|1|5
3278,temp|1|6
3279,temp|1|6
3280,temp|1|6
3281,temp|1|5
3282,temp|1|1
3283,temp|1|6
3284,temp|1|6
3286,temp|1|6
3287,temp|1|6
3288,temp|1|6
3289,temp|1|6
3290,temp|1|6
3291,temp|1|6
3292,temp|1|6
3293,temp|1|5
3294,temp|1|5
3296,temp|1|5
3297,temp|1|6
3298,temp|1|5
3299,temp|1|6
3300,temp|1|6
3301,temp|1|6
3303,temp|1|6
3304,temp|1|6
3306,temp|1|5
3307,temp|1|6
3308,temp|1|6
3310,temp|1|6
3312,temp|1|6
3313,temp|1|6
3314,temp|1|5
3315,temp|1|1
3316,temp|1|6
3317,temp|1|6
3318,temp|1|6
3319,temp|1|6
3320,temp|1|5
3321,temp|1|6
3322,temp|1|6
3324,temp|1|6
3325,temp|1|6
3326,temp|1|6
3327,temp|1|6
3328,temp|1|6
3329,temp|1|5
3330,temp|1|6
3331,temp|1|6
3332,temp|1|6
3333,temp|1|6
3334,temp|1|5
3335,temp|1|6
3336,temp|1|6
3337,temp|1|6
3340,temp|1|6
3342,temp|1|6
3344,temp|1|6
3345,temp|1|5
3346,temp|1|6
3347,temp|1|6
3348,temp|1|6
3349,temp|1|6
3351,temp|1|2
3353,temp|1|6
3354,temp|1|6
3356,temp|1|6
3358,temp|1|6
3360,temp|1|6
3362,temp|1|6
3363,temp|1|6
3365,temp|1|6
3366,temp|1|6
3367,temp|1|6
3368,temp|1|6
3369,temp|1|6
3370,temp|1|6
3371,temp|1|6
3372,temp|1|5
3373,temp|1|6
3374,temp|1|6
3375,temp|1|6
3376,temp|1|1
3377,temp|1|6
3378,temp|1|6
3379,temp|1|1
3380,temp|1|6
3381,temp|1|6
3382,temp|1|6
3383,temp|1|6
3384,temp|1|6
3386,temp|1|6
3388,temp|1|6
3389,temp|1|6
3391,temp|1|6
3392,temp|1|6
3394,temp|1|6
3395,temp|1|6
3396,temp|1|6
3399,temp|1|6
3400,temp|1|6
3401,temp|1|6
3402,temp|1|6
3403,temp|1|6
3404,temp|1|6
3405,temp|1|6
3407,temp|1|5
3408,temp|1|6
3409,temp|1|6
3410,temp|1|6
3411,temp|1|6
3412,temp|1|5
3413,temp|1|6
3414,temp|1|5
3415,temp|1|6
3416,temp|1|6
3417,temp|1|6
3419,temp|1|6
3420,temp|1|5
3421,temp|1|6
3423,temp|1|6
3424,temp|1|6
3425,temp|1|6
3426,temp|1|6
3427,temp|1|6
3428,temp|1|6
3429,temp|1|6
3430,temp|1|6
3431,temp|1|6
3432,temp|1|6
3435,temp|1|6
3436,temp|1|6
3437,temp|1|6
3438,temp|1|6
3439,temp|1|6
3440,temp|1|6
3441,temp|1|6
3442,temp|1|6
3443,temp|1|6
3444,temp|1|6
3445,temp|1|6
3446,temp|1|6
3447,temp|1|6
3448,temp|1|6
3449,temp|1|1
3450,temp|1|6
3451,temp|1|6
3452,temp|1|6
3453,temp|1|5
3454,temp|1|6
3455,temp|1|6
3456,temp|1|6
3457,temp|1|6
3458,temp|1|5
3459,temp|1|6
3461,temp|1|6
3462,temp|1|6
3463,temp|1|1
3464,temp|1|6
3466,temp|1|6
3467,temp|1|6
3468,temp|1|6
3469,temp|1|6
3470,temp|1|6
3471,temp|1|6
3472,temp|1|6
3473,temp|1|6
3474,temp|1|6
3477,temp|1|6
3478,temp|1|6
3479,temp|1|6
3480,temp|1|6
3482,temp|1|6
3483,temp|1|5
3484,temp|1|6
3485,temp|1|6
3486,temp|1|6
3487,temp|1|6
3488,temp|1|6
3489,temp|1|6
3490,temp|1|6
3491,temp|1|2
3492,temp|1|6
3493,temp|1|5
3494,temp|1|6
3495,temp|1|6
3498,temp|1|6
3499,temp|1|6
3500,temp|1|6
3501,temp|1|6
3502,temp|1|6
3504,temp|1|6
3505,temp|1|6
3506,temp|1|6
3507,temp|1|5
3508,temp|1|6
3510,temp|1|5
3511,temp|1|6
3512,temp|1|6
3513,temp|1|6
3514,temp|1|6
3515,temp|1|6
3516,temp|1|6
3517,temp|1|6
3518,temp|1|6
3519,temp|1|6
3520,temp|1|6
3521,temp|1|3
3522,temp|1|6
3523,temp|1|6
3525,temp|1|6
3526,temp|1|6
3527,temp|1|6
3528,temp|1|6
3529,temp|1|6
3530,temp|1|6
3531,temp|1|6
3532,temp|1|6
3533,temp|1|6
3534,temp|1|5
3535,temp|1|6
3536,temp|1|6
3537,temp|1|6
3539,temp|1|1
3540,temp|1|6
3541,temp|1|6
3542,temp|1|6
3544,temp|1|5
3548,temp|1|6
3549,temp|1|6
3550,temp|1|6
3551,temp|1|6
3552,temp|1|1
3553,temp|1|5
3554,temp|1|6
3555,temp|1|6
3556,temp|1|6
3558,temp|1|1
3559,temp|1|5
3560,temp|1|5
3561,temp|1|6
3562,temp|1|6
3563,temp|1|1
3564,temp|1|6
3565,temp|1|6
3567,temp|1|6
3568,temp|1|6
3569,temp|1|6
3570,temp|1|6
3571,temp|1|5
3572,temp|1|6
3573,temp|1|6
3575,temp|1|6
3576,temp|1|6
3577,temp|1|6
3578,temp|1|6
3579,temp|1|6
3580,temp|1|6
3581,temp|1|6
3582,temp|1|6
3583,temp|1|6
3585,temp|1|6
3586,temp|1|6
3587,temp|1|6
3588,temp|1|6
3589,temp|1|6
3590,temp|1|6
3591,temp|1|6
3592,temp|1|6
3593,temp|1|6
3594,temp|1|5
3595,temp|1|6
3596,temp|1|6
3597,temp|1|6
3598,temp|1|6
3599,temp|1|1
3600,temp|1|6
3602,temp|1|6
3603,temp|1|6
3604,temp|1|6
3605,temp|1|6
3607,temp|1|6
3608,temp|1|6
3609,temp|1|6
3610,temp|1|6
3611,temp|1|6
3612,temp|1|6
3613,temp|1|5
3615,temp|1|6
3616,temp|1|6
3618,temp|1|6
3619,temp|1|6
3620,temp|1|6
3621,temp|1|6
3622,temp|1|6
3624,temp|1|6
3625,temp|1|6
3627,temp|1|6
3628,temp|1|6
3629,temp|1|6
3632,temp|1|6
3633,temp|1|1
3634,temp|1|6
3636,temp|1|6
3637,temp|1|6
3638,temp|1|6
3639,temp|1|6
3640,temp|1|5
3641,temp|1|6
3642,temp|1|6
3644,temp|1|6
3646,temp|1|6
3647,temp|1|6
3648,temp|1|6
3649,temp|1|6
3650,temp|1|6
3651,temp|1|6
3652,temp|1|5
3653,temp|1|6
3654,temp|1|6
3657,temp|1|6
3658,temp|1|6
3659,temp|1|6
3661,temp|1|6
3664,temp|1|6
3665,temp|1|6
3666,temp|1|6
3667,temp|1|6
3668,temp|1|6
3670,temp|1|6
3671,temp|1|6
3672,temp|1|6
3673,temp|1|6
3674,temp|1|6
3675,temp|1|6
3677,temp|1|6
3678,temp|1|6
3679,temp|1|6
3680,temp|1|6
3681,temp|1|6
3682,temp|1|6
3683,temp|1|6
3685,temp|1|1
3686,temp|1|6
3689,temp|1|6
3690,temp|1|5
3691,temp|1|6
3692,temp|1|6
3693,temp|1|6
3694,temp|1|6
3695,temp|1|5
3696,temp|1|6
3698,temp|1|5
3699,temp|1|6
3700,temp|1|6
3701,temp|1|2
3703,temp|1|6
3704,temp|1|6
3705,temp|1|6
3706,temp|1|6
3707,temp|1|6
3708,temp|1|6
3710,temp|1|6
3711,temp|1|6
3712,temp|1|6
3713,temp|1|6
3718,temp|1|6
3720,temp|1|6
3722,temp|1|6
3723,temp|1|6
3724,temp|1|6
3727,temp|1|6
3730,temp|1|6
3731,temp|1|6
3732,temp|1|6
3733,temp|1|6
3734,temp|1|6
3735,temp|1|5
3736,temp|1|6
3737,temp|1|6
3738,temp|1|6
3739,temp|1|6
3740,temp|1|6
3741,temp|1|6
3742,temp|1|6
3743,temp|1|2
3745,temp|1|5
3746,temp|1|6
3747,temp|1|5
3748,temp|1|6
3749,temp|1|6
3752,temp|1|6
3753,temp|1|6
3755,temp|1|6
3756,temp|1|6
3757,temp|1|6
3758,temp|1|6
3759,temp|1|6
3760,temp|1|6
3762,temp|1|6
3763,temp|1|6
3764,temp|1|6
3766,temp|1|6
3769,temp|1|6
3770,temp|1|6
3771,temp|1|6
3773,temp|1|6
3774,temp|1|6
3776,temp|1|6
3777,temp|1|6
3778,temp|1|6
3779,temp|1|6
3780,temp|1|6
3782,temp|1|5
3784,temp|1|6
3786,temp|1|5
3788,temp|1|1
3789,temp|1|6
3790,temp|1|6
3792,temp|1|6
3793,temp|1|5
3797,temp|1|6
3798,temp|1|6
3800,temp|1|6
3801,temp|1|6
3802,temp|1|6
3803,temp|1|6
3804,temp|1|6
3805,temp|1|6
3806,temp|1|6
3807,temp|1|5
3808,temp|1|6
3810,temp|1|5
3812,temp|1|6
3813,temp|1|6
3814,temp|1|6
3815,temp|1|6
3816,temp|1|6
3817,temp|1|6
3818,temp|1|6
3820,temp|1|6
3821,temp|1|6
3822,temp|1|6
3823,temp|1|6
3824,temp|1|6
3825,temp|1|1
3826,temp|1|6
3827,temp|1|5
3828,temp|1|6
3829,temp|1|6
3831,temp|1|6
3832,temp|1|6
3833,temp|1|6
3834,temp|1|6
3835,temp|1|6
3836,temp|1|6
3837,temp|1|6
3838,temp|1|6
3839,temp|1|6
3840,temp|1|6
3841,temp|1|6
3842,temp|1|6
3843,temp|1|6
3844,temp|1|5
3845,temp|1|6
3846,temp|1|6
3848,temp|1|6
3849,temp|1|6
3850,temp|1|1
3851,temp|1|6
3852,temp|1|6
3853,temp|1|6
3854,temp|1|6
3855,temp|1|6
3856,temp|1|6
3857,temp|1|6
3858,temp|1|6
3861,temp|1|2
3862,temp|1|6
3863,temp|1|6
3864,temp|1|6
3865,temp|1|6
3866,temp|1|6
3867,temp|1|6
3873,temp|1|6
3874,temp|1|6
3875,temp|1|6
3876,temp|1|6
3877,temp|1|6
3878,temp|1|6
3879,temp|1|6
3880,temp|1|6
3881,temp|1|6
3882,temp|1|6
3884,temp|1|6
3886,temp|1|6
3887,temp|1|6
3888,temp|1|6
3890,temp|1|6
3891,temp|1|6
3892,temp|1|6
3893,temp|1|6
3895,temp|1|6
3896,temp|1|6
3897,temp|1|6
3898,temp|1|6
3899,temp|1|6
3900,temp|1|6
3901,temp|1|6
3903,temp|1|6
3904,temp|1|1
3905,temp|1|6
3906,temp|1|6
3907,temp|1|6
3909,temp|1|6
3911,temp|1|6
3913,temp|1|6
3914,temp|1|6
3915,temp|1|6
3916,temp|1|6
3917,temp|1|6
3919,temp|1|6
3920,temp|1|6
3923,temp|1|6
3924,temp|1|6
3925,temp|1|6
3926,temp|1|6
3927,temp|1|6
3929,temp|1|6
3930,temp|1|5
3931,temp|1|6
3933,temp|1|6
3934,temp|1|6
3935,temp|1|6
3936,temp|1|6
3937,temp|1|1
3938,temp|1|6
3939,temp|1|6
3940,temp|1|6
3941,temp|1|6
3942,temp|1|6
3943,temp|1|6
3944,temp|1|6
3945,temp|1|6
3946,temp|1|6
3947,temp|1|5
3949,temp|1|6
3950,temp|1|6
3951,temp|1|6
3953,temp|1|6
3954,temp|1|6
3955,temp|1|6
3956,temp|1|1
3957,temp|1|6
3958,temp|1|5
3961,temp|1|5
3962,temp|1|6
3963,temp|1|6
3965,temp|1|6
3966,temp|1|1
3967,temp|1|6
3968,temp|1|6
3970,temp|1|6
3971,temp|1|6
3972,temp|1|6
3973,temp|1|6
3974,temp|1|6
3975,temp|1|6
3976,temp|1|6
3977,temp|1|6
3979,temp|1|5
3981,temp|1|6
3983,temp|1|6
3984,temp|1|6
3985,temp|1|6
3987,temp|1|6
3988,temp|1|6
3989,temp|1|6
3990,temp|1|6
3991,temp|1|6
3992,temp|1|6
3994,temp|1|6
3995,temp|1|6
3996,temp|1|6
3997,temp|1|6
3999,temp|1|6
4000,temp|1|5
4001,temp|1|5
4002,temp|1|6
4003,temp|1|6
4004,temp|1|6
4005,temp|1|6
4006,temp|1|5
4007,temp|1|6
4009,temp|1|6
4010,temp|1|5
4011,temp|1|6
4013,temp|1|6
4014,temp|1|6
4016,temp|1|5
4021,temp|1|6
4022,temp|1|6
4023,temp|1|6
4025,temp|1|6
4027,temp|1|6
4028,temp|1|6
4029,temp|1|6
4030,temp|1|6
4031,temp|1|6
4032,temp|1|6
4034,temp|1|6
4035,temp|1|6
4037,temp|1|6
4038,temp|1|6
4039,temp|1|6
4041,temp|1|6
4042,temp|1|1
4043,temp|1|6
4044,temp|1|6
4045,temp|1|6
4046,temp|1|6
4047,temp|1|6
4048,temp|1|6
4051,temp|1|6
4052,temp|1|6
4054,temp|1|6
4055,temp|1|6
4057,temp|1|6
4058,temp|1|6
4059,temp|1|6
4060,temp|1|6
4061,temp|1|6
4063,temp|1|6
4064,temp|1|6
4065,temp|1|6
4066,temp|1|6
4067,temp|1|6
4068,temp|1|6
4069,temp|1|5
4070,temp|1|5
4072,temp|1|6
4073,temp|1|6
4074,temp|1|6
4075,temp|1|6
4079,temp|1|6
4080,temp|1|5
4081,temp|1|6
4082,temp|1|6
4083,temp|1|6
4084,temp|1|6
4085,temp|1|6
4086,temp|1|6
4087,temp|1|6
4088,temp|1|6
4090,temp|1|6
4091,temp|1|6
4093,temp|1|6
4094,temp|1|6
4095,temp|1|5
4096,temp|1|6
4098,temp|1|6
4099,temp|1|6
4100,temp|1|6
4101,temp|1|6
4102,temp|1|6
4103,temp|1|5
4104,temp|1|6
4105,temp|1|6
4107,temp|1|6
4108,temp|1|6
4109,temp|1|6
4111,temp|1|6
4112,temp|1|5
4113,temp|1|5
4117,temp|1|6
4118,temp|1|6
4119,temp|1|6
4122,temp|1|6
4123,temp|1|6
4124,temp|1|6
4125,temp|1|6
4126,temp|1|5
4127,temp|1|6
4128,temp|1|6
4130,temp|1|5
4133,temp|1|5
4134,temp|1|6
4135,temp|1|6
4136,temp|1|6
4137,temp|1|6
4138,temp|1|6
4139,temp|1|6
4140,temp|1|5
4141,temp|1|5
4142,temp|1|5
4143,temp|1|5
4144,temp|1|5
4145,temp|1|6
4146,temp|1|6
4147,temp|1|6
4148,temp|1|6
4149,temp|1|5
4150,temp|1|6
4151,temp|1|6
4152,temp|1|6
4153,temp|1|6
4154,temp|1|6
4155,temp|1|6
4156,temp|1|6
4157,temp|1|6
4158,temp|1|6
4160,temp|1|5
4161,temp|1|5
4162,temp|1|6
4163,temp|1|5
4164,temp|1|6
4165,temp|1|6
4166,temp|1|6
4167,temp|1|6
4168,temp|1|6
4169,temp|1|6
4170,temp|1|6
4171,temp|1|6
4172,temp|1|6
4173,temp|1|6
4175,temp|1|6
4176,temp|1|6
4177,temp|1|6
4178,temp|1|1
4179,temp|1|6
4180,temp|1|6
4182,temp|1|6
4184,temp|1|5
4186,temp|1|6
4187,temp|1|6
4188,temp|1|6
4190,temp|1|6
4191,temp|1|5
4192,temp|1|6
4194,temp|1|5
4195,temp|1|5
4196,temp|1|5
4197,temp|1|6
4198,temp|1|6
4199,temp|1|6
4200,temp|1|6
4201,temp|1|6
4202,temp|1|6
4203,temp|1|3
4204,temp|1|6
4205,temp|1|1
4206,temp|1|6
4207,temp|1|6
4210,temp|1|6
4211,temp|1|6
4212,temp|1|6
4213,temp|1|5
4214,temp|1|6
4215,temp|1|6
4216,temp|1|6
4217,temp|1|6
4219,temp|1|5
4220,temp|1|6
4221,temp|1|6
4222,temp|1|6
4223,temp|1|6
4225,temp|1|6
4227,temp|1|6
4228,temp|1|6
4229,temp|1|6
4230,temp|1|6
4231,temp|1|5
4232,temp|1|5
4234,temp|1|4
4236,temp|1|5
4237,temp|1|6
4238,temp|1|6
4241,temp|1|6
4242,temp|1|6
4243,temp|1|6
4244,temp|1|5
4245,temp|1|6
4246,temp|1|6
4247,temp|1|6
4248,temp|1|6
4249,temp|1|6
4250,temp|1|6
4251,temp|1|6
4252,temp|1|5
4253,temp|1|6
4254,temp|1|6
4255,temp|1|6
4257,temp|1|6
4258,temp|1|6
4259,temp|1|6
4260,temp|1|6
4261,temp|1|6
4262,temp|1|6
4263,temp|1|6
4264,temp|1|6
4265,temp|1|6
4266,temp|1|6
4268,temp|1|6
4270,temp|1|6
4271,temp|1|6
4272,temp|1|6
4273,temp|1|6
4274,temp|1|6
4275,temp|1|6
4276,temp|1|6
4277,temp|1|6
4278,temp|1|6
4279,temp|1|6
4281,temp|1|5
4282,temp|1|6
4283,temp|1|6
4284,temp|1|6
4285,temp|1|6
4286,temp|1|6
4287,temp|1|6
4288,temp|1|6
4289,temp|1|6
4290,temp|1|6
4291,temp|1|6
4293,temp|1|6
4295,temp|1|6
4297,temp|1|6
4298,temp|1|5
4299,temp|1|6
4300,temp|1|6
4302,temp|1|6
4303,temp|1|2
4304,temp|1|6
4305,temp|1|6
4306,temp|1|6
4307,temp|1|6
4308,temp|1|6
4309,temp|1|6
4310,temp|1|6
4311,temp|1|5
4312,temp|1|6
4313,temp|1|6
4314,temp|1|6
4315,temp|1|6
4316,temp|1|6
4317,temp|1|6
4318,temp|1|6
4320,temp|1|6
4321,temp|1|2
4323,temp|1|6
4324,temp|1|6
4325,temp|1|6
4326,temp|1|6
4327,temp|1|6
4328,temp|1|2
4329,temp|1|6
4331,temp|1|6
4332,temp|1|6
4334,temp|1|6
4335,temp|1|6
4336,temp|1|6
4337,temp|1|5
4339,temp|1|6
4340,temp|1|2
4341,temp|1|6
4343,temp|1|5
4345,temp|1|6
4346,temp|1|6
4347,temp|1|6
4348,temp|1|6
4349,temp|1|6
4351,temp|1|6
4353,temp|1|6
4354,temp|1|6
4355,temp|1|6
4356,temp|1|2
4357,temp|1|6
4358,temp|1|6
4359,temp|1|2
4360,temp|1|2
4362,temp|1|6
4363,temp|1|6
4364,temp|1|6
4365,temp|1|6
4366,temp|1|6
4367,temp|1|2
4369,temp|1|6
4370,temp|1|6
4371,temp|1|5
4372,temp|1|6
4373,temp|1|6
4374,temp|1|6
4375,temp|1|6
4376,temp|1|6
4377,temp|1|6
4378,temp|1|6
4380,temp|1|5
4381,temp|1|6
4382,temp|1|6
4383,temp|1|6
4384,temp|1|6
4385,temp|1|6
4386,temp|1|6
4387,temp|1|6
4388,temp|1|6
4389,temp|1|6
4390,temp|1|2
4391,temp|1|6
4392,temp|1|6
4394,temp|1|6
4395,temp|1|6
4398,temp|1|6
4400,temp|1|6
4401,temp|1|6
4402,temp|1|5
4403,temp|1|6
4404,temp|1|6
4405,temp|1|6
4406,temp|1|6
4408,temp|1|6
4409,temp|1|6
4410,temp|1|6
4411,temp|1|5
4412,temp|1|6
4413,temp|1|6
4414,temp|1|6
4415,temp|1|6
4416,temp|1|6
4417,temp|1|6
4418,temp|1|6
4419,temp|1|6
4420,temp|1|6
4421,temp|1|6
4422,temp|1|6
4423,temp|1|6
4424,temp|1|6
4425,temp|1|6
4426,temp|1|6
4428,temp|1|6
4429,temp|1|6
4430,temp|1|6
4431,temp|1|6
4432,temp|1|6
4433,temp|1|6
4434,temp|1|6
4435,temp|1|6
4436,temp|1|6
4437,temp|1|6
4438,temp|1|6
4439,temp|1|6
4440,temp|1|6
4442,temp|1|6
4443,temp|1|6
4444,temp|1|6
4445,temp|1|5
4446,temp|1|6
4447,temp|1|5
4449,temp|1|5
4450,temp|1|5
4451,temp|1|6
4452,temp|1|2
4453,temp|1|6
4455,temp|1|6
4456,temp|1|6
4457,temp|1|6
4459,temp|1|6
4461,temp|1|5
4462,temp|1|6
4463,temp|1|6
4464,temp|1|6
4466,temp|1|6
4467,temp|1|2
4468,temp|1|6
4469,temp|1|5
4470,temp|1|6
4471,temp|1|6
4472,temp|1|6
4473,temp|1|6
4474,temp|1|6
4475,temp|1|6
4476,temp|1|5
4477,temp|1|6
4478,temp|1|6
4479,temp|1|6
4480,temp|1|6
4481,temp|1|6
4482,temp|1|6
4483,temp|1|6
4484,temp|1|6
4485,temp|1|6
4487,temp|1|6
4488,temp|1|6
4489,temp|1|6
4490,temp|1|6
4491,temp|1|6
4492,temp|1|6
4493,temp|1|6
4495,temp|1|6
4497,temp|1|6
4498,temp|1|6
4499,temp|1|6
4500,temp|1|6
4501,temp|1|6
4502,temp|1|6
4503,temp|1|3
4507,temp|1|6
4508,temp|1|6
4509,temp|1|6
4510,temp|1|6
4511,temp|1|3
4512,temp|1|5
4513,temp|1|6
4514,temp|1|6
4515,temp|1|2
4517,temp|1|6
4518,temp|1|6
4520,temp|1|6
4521,temp|1|6
4524,temp|1|1
4526,temp|1|6
4527,temp|1|6
4528,temp|1|6
4529,temp|1|2
4532,temp|1|6
4535,temp|1|5
4536,temp|1|6
4537,temp|1|6
4539,temp|1|5
4540,temp|1|6
4541,temp|1|6
4542,temp|1|6
4543,temp|1|6
4544,temp|1|5
4545,temp|1|6
4546,temp|1|2
4547,temp|1|6
4549,temp|1|6
4551,temp|1|6
4552,temp|1|6
4554,temp|1|6
4555,temp|1|6
4556,temp|1|6
4557,temp|1|6
4558,temp|1|6
4559,temp|1|6
4560,temp|1|6
4561,temp|1|6
4562,temp|1|6
4563,temp|1|6
4565,temp|1|6
4566,temp|1|6
4567,temp|1|5
4568,temp|1|6
4569,temp|1|6
4570,temp|1|6
4571,temp|1|6
4572,temp|1|6
4574,temp|1|6
4576,temp|1|6
4578,temp|1|6
4579,temp|1|6
4580,temp|1|6
4581,temp|1|6
4582,temp|1|5
4583,temp|1|6
4584,temp|1|6
4586,temp|1|6
4589,temp|1|6
4590,temp|1|6
4592,temp|1|6
4593,temp|1|6
4595,temp|1|6
4598,temp|1|2
4599,temp|1|6
4601,temp|1|6
4603,temp|1|6
4604,temp|1|6
4605,temp|1|6
4606,temp|1|6
4607,temp|1|6
4608,temp|1|6
4610,temp|1|1
4612,temp|1|6
4614,temp|1|2
4615,temp|1|6
4616,temp|1|6
4618,temp|1|6
4619,temp|1|6
4620,temp|1|3
4621,temp|1|6
4622,temp|1|6
4624,temp|1|5
4625,temp|1|6
4627,temp|1|6
4628,temp|1|6
4629,temp|1|6
4630,temp|1|5
4631,temp|1|6
4636,temp|1|6
4638,temp|1|6
4639,temp|1|6
4642,temp|1|6
4643,temp|1|6
4645,temp|1|6
4646,temp|1|6
4647,temp|1|2
4649,temp|1|6
4651,temp|1|6
4652,temp|1|6
4654,temp|1|6
4659,temp|1|6
4660,temp|1|6
4662,temp|1|5
4663,temp|1|6
4664,temp|1|6
4665,temp|1|6
4666,temp|1|6
4667,temp|1|6
4669,temp|1|6
4670,temp|1|6
4671,temp|1|6
4672,temp|1|6
4673,temp|1|5
4675,temp|1|6
4676,temp|1|6
4677,temp|1|2
4678,temp|1|5
4679,temp|1|1
4680,temp|1|6
4681,temp|1|1
4682,temp|1|6
4683,temp|1|3
4684,temp|1|5
4685,temp|1|6
4686,temp|1|6
4688,temp|1|2
4689,temp|1|6
4690,temp|1|6
4691,temp|1|6
4692,temp|1|6
4693,temp|1|6
4694,temp|1|6
4695,temp|1|5
4698,temp|1|6
4699,temp|1|6
4701,temp|1|6
4702,temp|1|6
4704,temp|1|6
4705,temp|1|6
4707,temp|1|6
4708,temp|1|6
4709,temp|1|6
4710,temp|1|6
4713,temp|1|5
4714,temp|1|6
4715,temp|1|5
4718,temp|1|1
4719,temp|1|2
4720,temp|1|6
4722,temp|1|6
4723,temp|1|6
4724,temp|1|6
4725,temp|1|6
4727,temp|1|6
4728,temp|1|5
4729,temp|1|6
4731,temp|1|5
4732,temp|1|6
4733,temp|1|6
4734,temp|1|5
4738,temp|1|6
4739,temp|1|6
4740,temp|1|6
4741,temp|1|6
4742,temp|1|5
4744,temp|1|6
4745,temp|1|6
4746,temp|1|5
4747,temp|1|6
4748,temp|1|6
4749,temp|1|5
4750,temp|1|6
4751,temp|1|2
4752,temp|1|6
4753,temp|1|6
4754,temp|1|6
4756,temp|1|6
4758,temp|1|6
4759,temp|1|6
4760,temp|1|6
4761,temp|1|6
4762,temp|1|6
4765,temp|1|6
4766,temp|1|6
4767,temp|1|6
4768,temp|1|6
4769,temp|1|6
4771,temp|1|5
4773,temp|1|6
4775,temp|1|6
4776,temp|1|2
4777,temp|1|6
4778,temp|1|6
4779,temp|1|6
4780,temp|1|6
4781,temp|1|6
4782,temp|1|6
4783,temp|1|6
4784,temp|1|6
4785,temp|1|6
4787,temp|1|6
4788,temp|1|6
4789,temp|1|5
4790,temp|1|6
4791,temp|1|6
4792,temp|1|6
4793,temp|1|6
4794,temp|1|6
4795,temp|1|6
4796,temp|1|6
4797,temp|1|6
4798,temp|1|6
4799,temp|1|6
4800,temp|1|6
4802,temp|1|6
4803,temp|1|6
4804,temp|1|6
4805,temp|1|6
4806,temp|1|6
4807,temp|1|6
4808,temp|1|6
4810,temp|1|6
4811,temp|1|6
4812,temp|1|6
4813,temp|1|6
4814,temp|1|6
4815,temp|1|6
4816,temp|1|6
4817,temp|1|3
4818,temp|1|6
4819,temp|1|6
4820,temp|1|6
4822,temp|1|6
4824,temp|1|6
4825,temp|1|6
4826,temp|1|6
4827,temp|1|6
4828,temp|1|6
4829,temp|1|6
4831,temp|1|6
4832,temp|1|6
4833,temp|1|2
4834,temp|1|6
4836,temp|1|1
4837,temp|1|6
4838,temp|1|6
4840,temp|1|6
4843,temp|1|6
4844,temp|1|6
4845,temp|1|6
4847,temp|1|6
4848,temp|1|6
4849,temp|1|2
4850,temp|1|6
4851,temp|1|6
4852,temp|1|6
4853,temp|1|6
4854,temp|1|6
4855,temp|1|6
4856,temp|1|6
4858,temp|1|6
4859,temp|1|6
4861,temp|1|6
4863,temp|1|6
4864,temp|1|6
4865,temp|1|6
4866,temp|1|6
4868,temp|1|6
4869,temp|1|6
4870,temp|1|6
4871,temp|1|6
4872,temp|1|6
4873,temp|1|6
4874,temp|1|6
4875,temp|1|2
4876,temp|1|6
4877,temp|1|2
4878,temp|1|6
4879,temp|1|5
4880,temp|1|6
4881,temp|1|6
4882,temp|1|6
4883,temp|1|6
4884,temp|1|6
4885,temp|1|6
4886,temp|1|6
4887,temp|1|6
4888,temp|1|6
4889,temp|1|5
4890,temp|1|6
4891,temp|1|6
4892,temp|1|6
4893,temp|1|2
4894,temp|1|5
4895,temp|1|6
4897,temp|1|6
4898,temp|1|6
4899,temp|1|6
4900,temp|1|6
4901,temp|1|5
4902,temp|1|6
4903,temp|1|6
4905,temp|1|6
4906,temp|1|6
4907,temp|1|5
4908,temp|1|6
4910,temp|1|6
4911,temp|1|6
4912,temp|1|6
4913,temp|1|6
4914,temp|1|6
4916,temp|1|5
4917,temp|1|6
4919,temp|1|6
4920,temp|1|6
4921,temp|1|6
4922,temp|1|2
4924,temp|1|6
4925,temp|1|6
4926,temp|1|6
4927,temp|1|6
4928,temp|1|6
4929,temp|1|6
4930,temp|1|6
4931,temp|1|6
4932,temp|1|6
4934,temp|1|6
4935,temp|1|6
4936,temp|1|6
4937,temp|1|6
4938,temp|1|6
4939,temp|1|6
4940,temp|1|6
4942,temp|1|6
4943,temp|1|6
4944,temp|1|6
4945,temp|1|6
4946,temp|1|6
4947,temp|1|6
4948,temp|1|6
4949,temp|1|5
4950,temp|1|6
4951,temp|1|6
4952,temp|1|6
4953,temp|1|6
4954,temp|1|6
4955,temp|1|6
4956,temp|1|6
4957,temp|1|6
4959,temp|1|6
4960,temp|1|5
4961,temp|1|5
4962,temp|1|6
4963,temp|1|6
4964,temp|1|6
4965,temp|1|6
4966,temp|1|6
4969,temp|1|5
4970,temp|1|6
4972,temp|1|2
4973,temp|1|6
4974,temp|1|6
4975,temp|1|6
4976,temp|1|6
4978,temp|1|6
4979,temp|1|2
4980,temp|1|6
4982,temp|1|6
4984,temp|1|5
4985,temp|1|6
4986,temp|1|6
4988,temp|1|6
4989,temp|1|6
4990,temp|1|6
4991,temp|1|6
4993,temp|1|6
4994,temp|1|6
4995,temp|1|6
4996,temp|1|6
4998,temp|1|6
4999,temp|1|6
5000,temp|1|6
5001,temp|1|6
5002,temp|1|6
5003,temp|1|6
5005,temp|1|5
5006,temp|1|6
5008,temp|1|6
5009,temp|1|5
5010,temp|1|5
5011,temp|1|6
5012,temp|1|5
5013,temp|1|6
5014,temp|1|6
5015,temp|1|6
5016,temp|1|6
5017,temp|1|6
5018,temp|1|6
5019,temp|1|5
5020,temp|1|6
5021,temp|1|6
5022,temp|1|5
5023,temp|1|6
5024,temp|1|6
5025,temp|1|2
5026,temp|1|6
5027,temp|1|6
5028,temp|1|6
5029,temp|1|6
5030,temp|1|6
5032,temp|1|6
5033,temp|1|6
5034,temp|1|6
5036,temp|1|6
5037,temp|1|6
5038,temp|1|6
5039,temp|1|5
5040,temp|1|2
5041,temp|1|6
5042,temp|1|6
5043,temp|1|1
5044,temp|1|6
5045,temp|1|2
5046,temp|1|6
5048,temp|1|6
5049,temp|1|6
5050,temp|1|6
5051,temp|1|6
5052,temp|1|6
5054,temp|1|2
5055,temp|1|6
5056,temp|1|5
5057,temp|1|6
5058,temp|1|2
5059,temp|1|6
5060,temp|1|6
5061,temp|1|1
5063,temp|1|6
5064,temp|1|2
5066,temp|1|6
5067,temp|1|6
5068,temp|1|6
5069,temp|1|6
5070,temp|1|6
5071,temp|1|6
5072,temp|1|6
5073,temp|1|6
5074,temp|1|6
5076,temp|1|6
5077,temp|1|6
5078,temp|1|6
5079,temp|1|6
5080,temp|1|6
5082,temp|1|6
5083,temp|1|6
5084,temp|1|5
5085,temp|1|5
5086,temp|1|6
5087,temp|1|6
5088,temp|1|6
5089,temp|1|2
5090,temp|1|6
5093,temp|1|6
5094,temp|1|2
5095,temp|1|6
5097,temp|1|6
5098,temp|1|2
5099,temp|1|6
5100,temp|1|5
5101,temp|1|5
5102,temp|1|6
5105,temp|1|6
5106,temp|1|6
5109,temp|1|6
5110,temp|1|6
5113,temp|1|6
5115,temp|1|2
5116,temp|1|6
5120,temp|1|6
5121,temp|1|6
5122,temp|1|6
5123,temp|1|6
5126,temp|1|6
5127,temp|1|6
5128,temp|1|6
5129,temp|1|6
5132,temp|1|6
5134,temp|1|6
5136,temp|1|6
5137,temp|1|6
5138,temp|1|6
5139,temp|1|6
5140,temp|1|6
5141,temp|1|6
5142,temp|1|6
5144,temp|1|6
5145,temp|1|6
5148,temp|1|6
5151,temp|1|6
5152,temp|1|6
5153,temp|1|6
5154,temp|1|2
5155,temp|1|6
5156,temp|1|6
5157,temp|1|5
5158,temp|1|6
5159,temp|1|2
5160,temp|1|6
5161,temp|1|6
5163,temp|1|6
5164,temp|1|2
5165,temp|1|6
5166,temp|1|6
5168,temp|1|6
5169,temp|1|5
5171,temp|1|6
5172,temp|1|5
5173,temp|1|6
5174,temp|1|6
5175,temp|1|6
5176,temp|1|6
5178,temp|1|6
5180,temp|1|6
5181,temp|1|2
5182,temp|1|6
5183,temp|1|6
5184,temp|1|6
5185,temp|1|5
5186,temp|1|6
5187,temp|1|6
5188,temp|1|6
5190,temp|1|6
5191,temp|1|5
5192,temp|1|2
5194,temp|1|5
5195,temp|1|2
5196,temp|1|6
5198,temp|1|6
5199,temp|1|6
5200,temp|1|2
5201,temp|1|6
5202,temp|1|6
5203,temp|1|6
5204,temp|1|6
5205,temp|1|6
5206,temp|1|6
5207,temp|1|6
5208,temp|1|6
5209,temp|1|6
5210,temp|1|6
5212,temp|1|6
5213,temp|1|6
5214,temp|1|6
5215,temp|1|2
5216,temp|1|6
5217,temp|1|6
5218,temp|1|6
5219,temp|1|6
5221,temp|1|6
5222,temp|1|6
5223,temp|1|6
5225,temp|1|6
5226,temp|1|6
5227,temp|1|6
5229,temp|1|6
5230,temp|1|6
5231,temp|1|6
5232,temp|1|6
5233,temp|1|2
5235,temp|1|6
5237,temp|1|6
5239,temp|1|6
5240,temp|1|2
5242,temp|1|6
5244,temp|1|6
5245,temp|1|6
5246,temp|1|6
5247,temp|1|6
5248,temp|1|6
5249,temp|1|5
5250,temp|1|6
5252,temp|1|3
5253,temp|1|6
5255,temp|1|2
5257,temp|1|6
5258,temp|1|5
5260,temp|1|3
5261,temp|1|6
5262,temp|1|6
5263,temp|1|6
5264,temp|1|6
5265,temp|1|5
5266,temp|1|6
5267,temp|1|6
5269,temp|1|6
5270,temp|1|5
5271,temp|1|6
5272,temp|1|6
5273,temp|1|6
5274,temp|1|6
5275,temp|1|6
5276,temp|1|6
5277,temp|1|6
5278,temp|1|6
5279,temp|1|6
5280,temp|1|6
5281,temp|1|6
5282,temp|1|6
5283,temp|1|6
5284,temp|1|6
5285,temp|1|6
5286,temp|1|6
5287,temp|1|5
5288,temp|1|6
5289,temp|1|5
5290,temp|1|6
5291,temp|1|3
5292,temp|1|2
5293,temp|1|6
5294,temp|1|6
5295,temp|1|6
5296,temp|1|5
5297,temp|1|6
5298,temp|1|6
5299,temp|1|6
5300,temp|1|6
5302,temp|1|4
5304,temp|1|6
5305,temp|1|6
5306,temp|1|6
5307,temp|1|6
5308,temp|1|5
5309,temp|1|6
5310,temp|1|6
5311,temp|1|6
5312,temp|1|6
5313,temp|1|2
5314,temp|1|5
5315,temp|1|5
5316,temp|1|6
5317,temp|1|1
5318,temp|1|6
5319,temp|1|6
5320,temp|1|1
5321,temp|1|6
5322,temp|1|5
5323,temp|1|1
5324,temp|1|6
5325,temp|1|1
5326,temp|1|6
5328,temp|1|1
5329,temp|1|6
5330,temp|1|5
5331,temp|1|1
5332,temp|1|3
5333,temp|1|6
5334,temp|1|5
5335,temp|1|5
5336,temp|1|6
5337,temp|1|1
5338,temp|1|6
5339,temp|1|6
5340,temp|1|6
5341,temp|1|1
5345,temp|1|6
5346,temp|1|6
5347,temp|1|6
5348,temp|1|6
5349,temp|1|6
5350,temp|1|6
5351,temp|1|5
5353,temp|1|6
5354,temp|1|6
5355,temp|1|5
5356,temp|1|6
5357,temp|1|6
5358,temp|1|6
5359,temp|1|1
5361,temp|1|6
5362,temp|1|6
5363,temp|1|6
5364,temp|1|6
5365,temp|1|6
5366,temp|1|6
5367,temp|1|6
5368,temp|1|6
5369,temp|1|6
5370,temp|1|6
5371,temp|1|2
5372,temp|1|5
5373,temp|1|6
5374,temp|1|1
5375,temp|1|6
5376,temp|1|6
5377,temp|1|6
5378,temp|1|6
5379,temp|1|6
5380,temp|1|6
5381,temp|1|6
5382,temp|1|6
5383,temp|1|6
5384,temp|1|1
5385,temp|1|6
5386,temp|1|3
5387,temp|1|6
5388,temp|1|6
5389,temp|1|6
5390,temp|1|1
5391,temp|1|6
5392,temp|1|1
5393,temp|1|6
5394,temp|1|1
5396,temp|1|6
5397,temp|1|5
5398,temp|1|6
5400,temp|1|6
5401,temp|1|6
5402,temp|1|6
5403,temp|1|6
5404,temp|1|6
5405,temp|1|6
5406,temp|1|6
5407,temp|1|1
5408,temp|1|6
5409,temp|1|6
5411,temp|1|6
5412,temp|1|1
5413,temp|1|6
5415,temp|1|6
5416,temp|1|1
5417,temp|1|1
5418,temp|1|5
5419,temp|1|6
5420,temp|1|1
5421,temp|1|6
5422,temp|1|6
5423,temp|1|6
5425,temp|1|6
5426,temp|1|6
5427,temp|1|6
5428,temp|1|6
5429,temp|1|6
5430,temp|1|6
5432,temp|1|6
5433,temp|1|6
5434,temp|1|6
5436,temp|1|6
5437,temp|1|6
5438,temp|1|6
5439,temp|1|5
5441,temp|1|6
5442,temp|1|5
5443,temp|1|6
5444,temp|1|5
5445,temp|1|5
5446,temp|1|6
5447,temp|1|5
5449,temp|1|6
5452,temp|1|6
5455,temp|1|1
5456,temp|1|5
5457,temp|1|6
5458,temp|1|6
5459,temp|1|6
5460,temp|1|6
5462,temp|1|6
5465,temp|1|1
5466,temp|1|6
5467,temp|1|6
5468,temp|1|6
5473,temp|1|2
5478,temp|1|6
5479,temp|1|6
5480,temp|1|6
5481,temp|1|6
5482,temp|1|6
5483,temp|1|6
5484,temp|1|5
5486,temp|1|5
5487,temp|1|5
5488,temp|1|6
5489,temp|1|5
5490,temp|1|6
5491,temp|1|6
5492,temp|1|1
